datetime,clouds,datetime,dewpt,dhi,dni,ghi,max_dhi,max_dni,max_ghi,max_temp,max_temp_ts,max_uv,max_wind_dir,max_wind_spd,max_wind_spd_ts,min_temp,min_temp_ts,precip,precip_gpm,pres,revision_status,rh,slp,snow,snow_depth,solar_rad,t_dhi,t_dni,t_ghi,t_solar_rad,temp,ts,wind_dir,wind_gust_spd,wind_spd
2020-01-01,2,2020-01-01,-4.3,27,230,99,92,773,427,5,1577854800,1.8,266,7.6,1577880000,1.7,1577937600,0,0,1008,final,56.4,1008,0,0,56,639,5510,2378,1334,3.6,1577854800,266,11.2,4.8
2020-01-02,2,2020-01-02,-2.4,27,230,100,92,774,429,8.9,1577991600,2.2,262,5.8,1577984400,0.6,1577966400,0,0,1013,final,60.4,1013,0,0,69,640,5524,2390,1660,4.8,1577941200,262,19.7,3.4
2020-01-03,2,2020-01-03,5,27,231,100,92,775,431,8.3,1578092400,0.7,255,4.5,1578031200,6.7,1578063600,4,4,1010,final,84,1010,0,0,19,642,5539,2403,457,7.6,1578027600,255,4.4,2.3
2020-01-04,2,2020-01-04,7.1,27,231,101,92,776,432,9.4,1578182400,0.7,179,6.7,1578168000,5.8,1578196800,4,4,1003,final,92.9,1003,0,0,10,644,5556,2417,242,8.2,1578114000,179,10.8,1.8
2020-01-05,2,2020-01-05,-4.5,27,232,101,92,777,434,7.2,1578254400,1.8,276,11.2,1578222000,2.8,1578283200,0.5,0.5,1010,final,52.1,1010,0,0,87,646,5573,2432,2090,4.6,1578200400,276,18,2.3
2020-01-06,2,2020-01-06,-1.9,27,233,102,92,778,436,7.2,1578340800,2.2,257,7.2,1578333600,0.6,1578294000,0.5,0.5,1015,final,67.7,1015,3.5,2.7,93,649,5591,2448,2220,3.9,1578286800,257,16.5,4.4
2020-01-07,2,2020-01-07,-3.2,27,234,103,93,779,439,6.7,1578423600,1.1,195,7.2,1578373200,3,1578452400,0.5,0.5,1016,final,57.5,1016,0,0,47,651,5609,2465,1135,4.7,1578373200,195,7.2,2.8
2020-01-08,2,2020-01-08,-4.8,27,235,103,93,781,441,6.7,1578510000,2.2,262,9.4,1578492000,-1,1578542400,0,0,1016,final,61,1016,0,0,94,653,5629,2483,2259,2.5,1578459600,262,14.9,3.7
2020-01-09,2,2020-01-09,-10.7,27,235,104,93,782,444,2.2,1578596400,2.3,244,7.6,1578628800,-3.3,1578567600,0,0,1038,final,47.1,1038,0,0,101,656,5650,2503,2419,-0.5,1578546000,244,17.5,2.5
2020-01-10,2,2020-01-10,1.9,27,236,105,93,783,446,11.7,1578686400,1.4,267,6.3,1578686400,1.1,1578632400,0,0,1034,final,72,1034,0,0,51,658,5671,2523,1221,6.6,1578632400,267,18,4
2020-01-11,2,2020-01-11,9.9,28,237,106,94,785,449,18.3,1578769200,0.8,270,6.7,1578765600,11.1,1578718800,0,0,1023,final,72.8,1023,0,0,31,661,5693,2544,750,14.8,1578718800,270,12.4,4.4
2020-01-12,2,2020-01-12,7.5,28,238,107,94,786,452,19.4,1578855600,1.9,262,9.8,1578837600,9,1578888000,6,6,1018,final,61.2,1018,0,0,86,664,5716,2566,2073,15.6,1578805200,262,23.6,4.3
2020-01-13,2,2020-01-13,2,28,239,108,94,788,455,8.9,1578891600,0.8,88,6.3,1578902400,3.9,1578909600,0,0,1029,final,73.5,1029,0,0,20,667,5739,2589,492,6.4,1578891600,88,6.9,2.9
2020-01-14,2,2020-01-14,3.7,28,240,109,94,789,458,7.8,1579028400,0.8,66,5.4,1579032000,5,1578999600,4.5,4.5,1025,final,83.6,1025,0,0,21,670,5764,2613,493,6.3,1578978000,66,5.2,2.7
2020-01-15,2,2020-01-15,2.7,28,241,110,95,791,461,11.7,1579114800,2.5,244,5.8,1579107600,6.1,1579078800,0,0,1020,final,70.2,1020,0,0,106,673,5788,2638,2544,8.3,1579064400,244,9.3,2.6
2020-01-16,2,2020-01-16,0.4,28,242,111,95,793,464,10,1579194000,1.9,285,9.8,1579179600,2.2,1579233600,3.5,3.5,1015,final,66.5,1015,0,0,103,676,5814,2664,2469,6.6,1579150800,285,16,2.9
2020-01-17,2,2020-01-17,-12.2,28,243,112,95,794,468,2.2,1579237200,2.6,278,10.7,1579266000,-4.3,1579320000,0,0,1035,final,43.6,1035,0,0,112,680,5840,2690,2690,-1.3,1579237200,278,15.6,2.4
2020-01-18,2,2020-01-18,-7.4,28,244,113,95,796,471,3,1579402800,0.8,182,7.6,1579366800,-5,1579348800,9.5,9.5,1028,final,69.1,1028,71,0,28,683,5866,2718,671,-2.1,1579323600,182,10.8,2.8
2020-01-19,2,2020-01-19,-2.4,29,246,114,96,798,475,7.2,1579453200,2.3,263,7.6,1579417200,-0.3,1579492800,0.5,0.5,1009,final,65.7,1009,0,43,78,687,5893,2747,1874,3.9,1579410000,263,11.6,3
2020-01-20,2,2020-01-20,-11.9,29,247,116,96,800,479,2.8,1579550400,2.7,251,8.1,1579561200,-5,1579521600,0,0,1024,final,47.6,1024,0,0,116,690,5921,2776,2776,-1.8,1579496400,251,19.6,2.5
2020-01-21,2,2020-01-21,-9.7,29,248,117,96,801,482,3.3,1579633200,2.5,161,5.8,1579633200,-4.4,1579582800,0,0,1030,final,54.6,1030,0,0,109,694,5949,2806,2616,-1.4,1579582800,161,16,2.5
2020-01-22,2,2020-01-22,-6.8,29,249,118,97,803,486,5.6,1579723200,2.7,243,3.4,1579698000,-2.2,1579683600,0,0,1031,final,56.9,1031,0,0,118,697,5977,2838,2838,1,1579669200,243,21.6,2.3
2020-01-23,2,2020-01-23,-4.1,29,250,120,97,805,490,7.2,1579809600,0.9,252,3.1,1579766400,0,1579773600,0,0,1029,final,58.7,1029,0,0,31,702,6006,2870,745,3.5,1579755600,252,4.8,2.2
2020-01-24,2,2020-01-24,-2,29,251,121,97,807,495,11.7,1579892400,1.9,105,6.2,1579917600,3.3,1579852800,0,0,1027,final,56.2,1027,0,0,68,708,6035,2903,1624,6.5,1579842000,105,10.9,3.1
2020-01-25,2,2020-01-25,4.7,30,253,122,98,809,499,11,1579986000,0.9,111,9.1,1579964400,4.4,1579939200,25.5,25.5,1014,final,87.3,1014,0,0,23,713,6069,2937,558,6.6,1579928400,111,15.6,6.3
2020-01-26,2,2020-01-26,0,30,254,124,98,811,503,8.9,1580065200,2.4,261,6.2,1580083200,3.3,1580040000,0,0,1009,final,69.6,1009,0,0,106,719,6106,2972,2539,5.4,1580014800,261,10.1,4.1
2020-01-27,2,2020-01-27,-1.5,30,256,125,98,813,508,8.3,1580158800,1.8,262,4.5,1580133600,3.3,1580104800,0,0,1006,final,62.9,1006,0,0,86,725,6145,3008,2065,5.1,1580101200,262,26.3,4
2020-01-28,2,2020-01-28,-3.2,30,258,127,99,815,512,7.2,1580230800,1.3,251,6.7,1580220000,3.9,1580216400,0,0,1010,final,56.2,1010,0,0,57,731,6187,3045,1362,4.9,1580187600,251,21.6,2
2020-01-29,2,2020-01-29,-6.5,31,260,128,99,817,517,7.2,1580328000,3,228,6.3,1580353200,1.1,1580302800,0,0,1018,final,48.3,1018,0,0,128,736,6230,3083,3083,3.5,1580274000,228,9.6,2.2
2020-01-30,2,2020-01-30,-5.7,31,261,130,99,819,521,4.4,1580414400,1.4,85,5.8,1580385600,-1.7,1580382000,0,0,1026,final,60.2,1026,0,0,81,742,6275,3122,1946,1.3,1580360400,85,19,3
2020-01-31,2,2020-01-31,0.2,31,263,132,100,821,526,6.1,1580500800,1.3,59,3.6,1580515200,2.2,1580464800,0.5,0.5,1025,final,74.6,1025,0,0,52,748,6320,3162,1242,4.3,1580446800,59,14.1,2.1
2020-02-01,2,2020-02-01,2.2,31,265,133,100,823,531,6.1,1580601600,1,189,3.6,1580576400,3.9,1580558400,0,0,1013,final,83.4,1013,0,0,19,753,6365,3202,448,4.8,1580533200,189,18,2.5
2020-02-02,2,2020-02-02,0.4,32,267,135,100,825,536,6.1,1580670000,1.3,254,8.1,1580677200,2.2,1580698800,0.5,0.5,1002,final,78.7,1002,0,0,55,759,6410,3243,1309,3.9,1580619600,254,9.3,3.5
2020-02-03,2,2020-02-03,2.1,32,269,137,101,827,541,13.9,1580763600,2.5,237,6.3,1580767200,2.8,1580706000,0,0,1009,final,67.9,1009,0,0,133,765,6456,3286,3202,8.1,1580706000,237,18.5,3.1
2020-02-04,2,2020-02-04,5.6,32,271,139,101,829,546,13.9,1580860800,1,170,4,1580814000,6.1,1580817600,2.5,2.5,1009,final,77.3,1009,0,0,34,770,6501,3328,821,9.4,1580792400,170,6.8,2.3
2020-02-05,2,2020-02-05,-0.6,32,273,140,101,831,551,11,1580878800,1,49,6.3,1580961600,4.4,1580954400,1,1,1015,final,64.2,1015,0,0,35,776,6546,3372,843,5.9,1580878800,49,10.4,3
2020-02-06,2,2020-02-06,3.3,33,275,142,102,833,556,6,1580997600,1,43,6.7,1580990400,3,1580968800,16,16,1003,final,90.7,1003,0,0,21,781,6590,3416,512,4.7,1580965200,43,9.7,5
2020-02-07,2,2020-02-07,2,33,276,144,102,835,561,12.2,1581091200,1.2,176,10.7,1581094800,1.3,1581134400,14,14,990,final,80.4,990,0,0,50,787,6635,3461,1196,5.4,1581051600,176,18.8,5.6
2020-02-08,2,2020-02-08,-6.8,33,278,146,103,837,567,6.1,1581192000,1.5,257,8.1,1581184800,0,1581148800,0,0,1020,final,50.3,1020,0,0,80,792,6678,3506,1922,2.6,1581138000,257,12.9,4
2020-02-09,2,2020-02-09,-1.2,33,280,148,103,839,572,7.2,1581278400,1.7,86,5.8,1581246000,1.1,1581249600,0,0,1031,final,68.5,1031,0,0,88,799,6722,3552,2122,4.2,1581224400,86,15.4,3.9
2020-02-10,2,2020-02-10,3.4,34,282,150,103,841,577,7.8,1581354000,1.1,242,6.3,1581354000,5.6,1581314400,9,9,1022,final,81.4,1022,0,0,35,806,6765,3599,829,6.4,1581310800,242,11.2,3.7
2020-02-11,2,2020-02-11,5.9,34,284,152,104,843,583,9.4,1581454800,1.1,167,6.3,1581433200,6.1,1581397200,9.5,9.5,1013,final,89.1,1013,0,0,15,813,6812,3647,369,7.6,1581397200,167,7.2,1.6
2020-02-12,2,2020-02-12,-2.8,34,286,154,104,845,588,8.3,1581534000,2.9,235,7.2,1581562800,3,1581566400,1,1,1020,final,54.8,1020,0,0,59,821,6862,3695,1421,5.8,1581483600,235,16.5,2.6
2020-02-13,2,2020-02-13,2.8,35,288,156,104,847,594,6.1,1581638400,1.1,239,6.3,1581631200,2.8,1581577200,14,14,1007,final,87.5,1007,0,0,18,828,6914,3745,431,4.7,1581570000,239,8,1.9
2020-02-14,2,2020-02-14,-9.5,35,290,158,105,849,599,4.4,1581656400,3.7,253,8.9,1581706800,-5.6,1581739200,0,0,1025,final,48,1025,0,0,157,835,6968,3794,3767,0.7,1581656400,253,17,2.7
2020-02-15,2,2020-02-15,-10.4,35,293,160,105,851,605,0,1581793200,3.7,157,7.6,1581814800,-7.2,1581764400,0,0,1034,final,58.5,1034,0,0,119,842,7023,3845,2866,-3.4,1581742800,157,8.8,3.3
2020-02-16,2,2020-02-16,-3,35,295,162,105,853,611,7.8,1581886800,1.3,242,6.7,1581836400,-1.1,1581829200,0,0,1022,final,65.5,1022,0,0,59,849,7078,3896,1406,3,1581829200,242,8.4,3.4
2020-02-17,2,2020-02-17,-2.7,36,297,164,106,855,616,11.1,1581973200,3.9,210,7.6,1581998400,3.9,1581937200,0,0,1024,final,51.9,1024,0,0,152,856,7134,3948,3639,6.9,1581915600,210,17.5,2.5
2020-02-18,2,2020-02-18,1.9,36,300,167,106,856,622,9,1582048800,1.2,82,6.7,1582002000,3.9,1582005600,0.5,0.5,1022,final,74.9,1022,0,0,42,863,7189,4000,1002,6.2,1582002000,82,9.5,4.3
2020-02-19,2,2020-02-19,-4.6,36,302,169,107,858,628,11.1,1582142400,3.3,208,7.6,1582146000,1.8,1582171200,0,0,1023,final,46.3,1023,0,0,168,870,7244,4053,4035,7,1582088400,208,18,2
2020-02-20,2,2020-02-20,-10,37,304,171,107,860,633,2.8,1582228800,1.3,204,6.7,1582236000,-2.1,1582257600,0,0,1030,final,44.4,1030,0,0,48,877,7298,4106,1155,0.9,1582174800,204,20.1,2.6
2020-02-21,2,2020-02-21,-11.7,37,306,173,107,862,639,3.3,1582318800,4.1,168,6.7,1582333200,-3.9,1582279200,0,0,1031,final,45,1031,0,0,173,883,7351,4159,4159,-0.5,1582261200,168,13.4,3.4
2020-02-22,2,2020-02-22,-9.9,37,309,176,108,864,645,10.6,1582405200,4.2,259,6.3,1582398000,-0.6,1582358400,0,0,1024,final,36,1024,0,0,176,890,7404,4213,4213,4.5,1582347600,259,9.1,4.8
2020-02-23,2,2020-02-23,-6.7,37,311,178,108,865,650,13.9,1582488000,4.2,234,5.8,1582480800,2.2,1582455600,0,0,1021,final,36.9,1021,0,0,178,897,7456,4268,4268,7.7,1582434000,234,21.1,2.9
2020-02-24,2,2020-02-24,-0.9,38,313,180,108,867,656,16.7,1582570800,3.8,220,5.4,1582549200,4.4,1582542000,0,0,1016,final,53,1016,0,0,125,903,7507,4322,2996,8.7,1582520400,220,15.5,2.1
2020-02-25,2,2020-02-25,5.3,38,315,182,109,869,662,9.4,1582606800,1.4,191,5.4,1582682400,7.2,1582678800,6,6,1012,final,81.4,1012,0,0,38,909,7557,4377,906,8.5,1582606800,191,5.2,1.9
2020-02-26,2,2020-02-26,6.4,38,317,185,109,871,668,8.3,1582740000,1.4,50,6.3,1582772400,7,1582768800,0,0,1011,final,91.6,1011,0,0,36,916,7606,4432,865,7.7,1582693200,50,10.9,4.1
2020-02-27,2,2020-02-27,-2.5,38,319,187,109,872,673,8,1582786800,3.1,224,12.5,1582833600,0.2,1582862400,13,13,1001,final,62.6,1001,0,0,143,922,7654,4488,3431,4.8,1582779600,224,16.5,8
2020-02-28,2,2020-02-28,-8.9,39,321,189,110,874,679,5.6,1582920000,1.9,263,9.4,1582902000,-1.1,1582884000,0,0,1010,final,44.4,1010,0,0,102,928,7702,4544,2459,2.1,1582866000,263,17.7,7.7
2020-02-29,2,2020-02-29,-10.2,39,323,192,110,876,685,3.3,1583010000,1.4,263,8.1,1582981200,-2.1,1583035200,0,0,1013,final,45.3,1013,0,0,74,934,7748,4599,1768,0.3,1582952400,263,11.3,3.4
2020-03-01,2,2020-03-01,-8.3,39,325,194,110,877,691,8.9,1583096400,4.1,258,6.7,1583092800,-2.8,1583042400,0,0,1020,final,46,1020,0,0,170,940,7793,4655,4084,2.5,1583038800,258,12.8,2.8
2020-03-02,2,2020-03-02,0.1,39,327,196,111,879,696,14.4,1583175600,5.3,243,6.7,1583154000,3.9,1583125200,0,0,1014,final,53.2,1014,0,0,157,946,7837,4712,3780,9.3,1583125200,243,17.5,2.9
2020-03-03,2,2020-03-03,7.1,40,328,199,111,880,702,13.3,1583254800,1.8,228,8.9,1583211600,8.9,1583272800,8.5,8.5,1005,final,78,1005,0,0,60,951,7881,4768,1429,10.9,1583211600,228,16.1,2.7
2020-03-04,2,2020-03-04,-0.3,40,330,201,111,882,708,13.9,1583352000,4.1,267,9.8,1583337600,7.2,1583316000,0.5,0.5,1007,final,50.2,1007,0,0,168,957,7923,4824,4025,10.2,1583298000,267,21.2,5.3
2020-03-05,2,2020-03-05,-2.1,40,332,203,112,883,713,12.2,1583438400,5.4,224,6.7,1583424000,4.4,1583406000,0,0,1018,final,51.9,1018,0,0,187,963,7965,4880,4477,7.6,1583384400,224,20.1,2.2
2020-03-06,2,2020-03-06,2.2,40,334,206,112,885,719,7.8,1583506800,1.7,94,7.6,1583521200,3.9,1583553600,4,4,1012,final,79.7,1012,0,0,65,968,8005,4937,1571,5.4,1583470800,94,11.3,3.7
2020-03-07,2,2020-03-07,-6,41,335,208,112,886,725,11.1,1583614800,5.6,182,7.6,1583600400,3,1583582400,0,0,1022,final,48.3,1022,0,1,196,974,8045,4993,4709,5.9,1583557200,182,14,2
2020-03-08,2,2020-03-08,-5.8,43,351,220,113,888,730,15,1583697600,5.7,256,6.7,1583690400,2.2,1583661600,0,0,1029,final,37.9,1029,0,0,220,979,8083,5049,5049,8.1,1583643600,256,16.4,3.8
2020-03-09,2,2020-03-09,-2.2,41,338,213,113,889,736,21.7,1583787600,5.8,265,6.7,1583794800,6.7,1583751600,0,0,1026,final,35.4,1026,0,0,213,985,8121,5105,5105,13.4,1583726400,265,7.6,4.1
2020-03-10,2,2020-03-10,5.5,41,340,215,113,890,741,17.2,1583866800,1.9,268,7.6,1583859600,11.1,1583841600,1.5,1.5,1018,final,55.2,1018,0,0,83,990,8158,5161,2002,14.5,1583812800,268,18.5,4.8
2020-03-11,2,2020-03-11,0.3,41,341,217,114,892,747,14.4,1583899200,2.1,213,7.6,1583938800,8.9,1583978400,0,0,1018,final,48.3,1018,0,0,91,995,8194,5217,2173,11.1,1583899200,213,16.5,1.9
2020-03-12,2,2020-03-12,2.6,42,343,220,114,893,752,9,1584039600,1.9,98,5.4,1584064800,6.7,1584003600,0.5,0.5,1020,final,68.4,1020,0,0,63,1000,8229,5273,1506,8.2,1583985600,98,9.2,3.3
2020-03-13,2,2020-03-13,5.6,42,344,222,114,894,758,20.6,1584133200,3.2,199,9.4,1584126000,8.9,1584082800,10.5,10.5,1012,final,69.1,1012,0,0,123,1005,8264,5328,2948,13,1584072000,199,14.7,4.1
2020-03-14,2,2020-03-14,-4.4,42,346,224,114,895,763,15,1584216000,4.5,249,8.1,1584212400,7.8,1584187200,0,0,1025,final,35.2,1025,0,0,167,1011,8297,5384,4005,10.5,1584158400,249,10.4,2.1
2020-03-15,2,2020-03-15,-4,42,347,227,115,897,768,13.9,1584306000,6,121,6.7,1584324000,6.7,1584262800,0,0,1030,final,40.6,1030,0,0,225,1018,8332,5439,5406,9.1,1584244800,121,8.8,2.5
2020-03-16,2,2020-03-16,-4.4,43,349,229,115,898,774,7.8,1584378000,4,69,7.2,1584360000,1.7,1584356400,0,0,1034,final,50.7,1034,0,0,125,1025,8368,5495,2994,5.2,1584331200,69,10.3,4.9
2020-03-17,2,2020-03-17,4.7,43,350,231,115,899,779,12,1584478800,2.1,192,6.3,1584478800,5.6,1584417600,4,4,1023,final,78.3,1023,0,0,91,1031,8407,5550,2190,8.3,1584417600,192,8.7,2.9
2020-03-18,2,2020-03-18,-1.2,43,352,234,115,900,784,12.2,1584554400,4.8,206,5.8,1584550800,6.1,1584525600,0,0,1030,final,50,1030,0,0,132,1037,8447,5605,3167,8.8,1584504000,206,7.2,2.4
2020-03-19,2,2020-03-19,5.5,43,354,236,116,901,789,11,1584651600,2,96,7.2,1584619200,6,1584601200,15.5,15.5,1024,final,82.5,1024,0,0,49,1043,8488,5661,1169,8.4,1584590400,96,10.3,4
2020-03-20,2,2020-03-20,9.3,44,355,238,116,902,794,22.8,1584741600,2.7,235,8.1,1584741600,8,1584702000,3,3,1014,final,77.3,1014,0,0,86,1049,8530,5716,2056,13.7,1584676800,235,12.8,2.7
2020-03-21,2,2020-03-21,-2,44,357,240,116,903,799,18.9,1584763200,6.7,139,7.2,1584846000,6.7,1584795600,0,0,1024,final,43.3,1024,0,0,195,1058,8571,5771,4672,10.4,1584763200,139,11.6,3.1
2020-03-22,2,2020-03-22,-6.3,44,359,243,116,904,804,8.3,1584903600,2.7,67,7.6,1584874800,2.2,1584874800,0,0,1036,final,45.1,1036,0,0,124,1066,8619,5826,2977,4.9,1584849600,67,11.5,5.4
2020-03-23,2,2020-03-23,1.4,45,361,245,117,905,809,6,1585000800,2.1,50,8.9,1584979200,3.9,1585018800,17,17,1026,final,81.9,1026,0,0,44,1074,8673,5881,1047,4.3,1584936000,50,12.9,5.9
2020-03-24,2,2020-03-24,1.6,45,364,247,117,906,814,14.4,1585080000,5.1,158,6.7,1585101600,3,1585033200,0,0,1019,final,65.5,1019,0,0,182,1082,8730,5937,4364,8.1,1585022400,158,8.8,2.5
2020-03-25,2,2020-03-25,1.8,45,366,250,117,907,819,7.2,1585159200,2.2,40,9.8,1585170000,5.6,1585119600,0.5,0.5,1018,final,72.2,1018,0,0,67,1090,8788,5993,1618,6.5,1585108800,40,13,5.9
2020-03-26,2,2020-03-26,1.7,46,369,252,117,908,824,15.6,1585249200,6.6,145,6.3,1585195200,4.4,1585213200,0,0,1015,final,61.8,1015,0,0,252,1097,8846,6049,6045,8.8,1585195200,145,7.7,2.8
2020-03-27,2,2020-03-27,3.2,46,371,254,118,909,828,21.1,1585342800,7.1,214,5.8,1585281600,10,1585281600,0,0,1011,final,52.6,1011,0,0,250,1104,8904,6104,6004,14.3,1585281600,214,7.6,2.1
2020-03-28,2,2020-03-28,2.8,46,373,257,118,909,833,12.8,1585371600,2.2,42,7.6,1585450800,7.8,1585429200,7,7,1018,final,66.5,1018,0,0,64,1111,8961,6159,1538,9.4,1585368000,42,10.3,5.2
2020-03-29,2,2020-03-29,6.8,47,376,259,118,910,838,8.3,1585504800,2.3,31,9.4,1585479600,7.2,1585479600,1.5,1.5,1014,final,92.5,1014,0,0,48,1118,9016,6214,1143,7.9,1585454400,31,11.7,6.8
2020-03-30,2,2020-03-30,5.9,47,378,261,118,911,842,10,1585587600,2.8,124,5.8,1585540800,6.7,1585566000,2.5,2.5,1014,final,84.5,1014,0,0,89,1125,9070,6269,2141,8.4,1585540800,124,11.8,2.8
2020-03-31,2,2020-03-31,3.3,47,380,263,118,912,847,7.8,1585627200,2.3,122,7.2,1585645200,5.6,1585656000,1.5,1.5,1016,final,79.7,1016,0,0,66,1131,9122,6324,1581,6.6,1585627200,122,8.9,3.3
2020-04-01,2,2020-04-01,-0.4,47,382,266,119,912,851,14.4,1585771200,2.8,82,7.6,1585746000,4,1585738800,0,0,1009,final,55,1009,0,0,101,1137,9172,6378,2417,8.8,1585713600,82,10.1,3.5
2020-04-02,2,2020-04-02,-1.5,48,384,268,119,913,855,16.1,1585854000,5.9,235,9.4,1585864800,4.4,1585821600,0,0,1005,final,45.5,1005,0,0,205,1143,9221,6432,4920,10,1585800000,235,15.2,1.8
2020-04-03,2,2020-04-03,4.3,48,386,270,119,914,859,11.7,1585933200,2.4,172,7.6,1585969200,7.8,1585911600,5,5,1005,final,67.3,1005,0,0,71,1149,9269,6485,1700,10.2,1585886400,172,14,2.2
2020-04-04,2,2020-04-04,5.8,48,388,272,119,915,864,16.1,1586023200,2.4,130,6.7,1585980000,8,1585998000,0,0,1015,final,71.3,1015,0,0,89,1155,9315,6538,2137,11,1585972800,130,10.7,3.1
2020-04-05,2,2020-04-05,7,48,390,275,119,915,868,18.3,1586113200,2.4,190,4.5,1586131200,7.8,1586080800,0,0,1016,final,75.6,1016,0,0,90,1161,9359,6590,2163,11.3,1586059200,190,5.6,1.8
2020-04-06,2,2020-04-06,2.7,49,392,277,120,916,872,18.3,1586199600,7.8,175,5.8,1586199600,10,1586167200,0,0,1015,final,52.4,1015,0,0,277,1166,9402,6642,6637,13.8,1586145600,175,9.3,2.5
2020-04-07,2,2020-04-07,0.3,49,393,279,120,916,876,18.9,1586278800,4.2,208,6.7,1586293200,10,1586257200,0,0,1012,final,40.6,1012,0,0,176,1171,9444,6694,4222,14,1586232000,208,6.9,2.6
2020-04-08,2,2020-04-08,8.6,49,395,281,120,917,880,19.4,1586376000,4.5,156,4.5,1586390400,9.6,1586401200,6,6,1001,final,71.3,1001,0,0,192,1177,9484,6745,4614,14.1,1586318400,156,7.6,2.2
2020-04-09,2,2020-04-09,5.2,49,397,283,120,917,883,14.4,1586451600,3.6,251,10.7,1586487600,8.3,1586487600,12.5,12.5,995,final,70.9,995,0,0,148,1182,9523,6795,3545,10.8,1586404800,251,19.2,2.3
2020-04-10,2,2020-04-10,-1.6,49,398,285,120,918,887,9.4,1586541600,6.1,279,11.2,1586516400,4,1586509200,1,1,997,final,54.8,997,0,0,219,1186,9560,6845,5266,7.1,1586491200,279,18.8,4.8
2020-04-11,2,2020-04-11,-4.9,50,400,287,120,918,891,13.9,1586638800,4.5,261,8.1,1586631600,4.4,1586602800,0,0,1012,final,37.5,1012,0,0,176,1191,9597,6894,4228,9.2,1586577600,261,12.8,2.8
2020-04-12,2,2020-04-12,2.9,50,401,289,120,919,894,18.3,1586728800,5.1,152,7.2,1586703600,7.8,1586682000,0,0,1020,final,53.3,1020,0,0,166,1196,9632,6943,3980,12.4,1586664000,152,10,2.3
2020-04-13,2,2020-04-13,11.9,50,403,291,121,919,898,18.3,1586826000,2.6,231,8.1,1586782800,12,1586772000,45.5,45.5,1007,final,85.1,1007,0,0,76,1201,9666,6991,1825,14.6,1586750400,231,27.6,4.5
2020-04-14,2,2020-04-14,0.7,50,404,293,121,920,901,16.1,1586894400,5.9,240,6.7,1586901600,8.9,1586862000,0,0,1016,final,47.6,1016,0,0,203,1205,9698,7038,4863,11.8,1586836800,240,10.4,2.7
2020-04-15,2,2020-04-15,-3.7,50,405,295,121,920,905,12.8,1586984400,5.7,252,6.3,1587006000,6.1,1586952000,2,2,1014,final,41.4,1014,0,0,174,1209,9730,7085,4180,9.5,1586923200,252,10.4,3
2020-04-16,2,2020-04-16,-4.6,51,407,297,121,921,908,11.1,1587067200,5.7,275,7.6,1587020400,4.6,1587092400,0,0,1018,final,41.9,1018,0,0,253,1214,9761,7131,6061,8.2,1587009600,275,20.4,3.9
2020-04-17,2,2020-04-17,-3,51,408,299,121,921,911,10,1587146400,4.9,234,6.3,1587150000,3.3,1587114000,3,3,1022,final,52.2,1022,0,0,127,1218,9791,7176,3050,6.6,1587096000,234,10.8,4.1
2020-04-18,2,2020-04-18,3.5,51,409,301,121,921,914,8.9,1587243600,3.1,89,6.3,1587218400,6.3,1587265200,10.5,10.5,1009,final,77.4,1009,0,0,120,1222,9819,7221,2885,7.4,1587182400,89,12,2.8
2020-04-19,2,2020-04-19,0.2,51,410,303,121,922,917,16.1,1587322800,8.3,256,6.7,1587326400,4.4,1587290400,0,0,1011,final,50.2,1011,0,0,231,1226,9847,7265,5550,10.5,1587268800,256,12,4.6
2020-04-20,2,2020-04-20,0.8,51,411,305,121,922,920,13.9,1587412800,2.7,147,5.8,1587387600,9.4,1587438000,0,0,1004,final,47.9,1004,0,0,77,1229,9874,7308,1854,11.8,1587355200,147,8.3,2.2
2020-04-21,2,2020-04-21,3.8,51,413,306,122,922,923,15,1587481200,3,240,10.3,1587488400,6.3,1587524400,10,10,1002,final,65.6,1002,0,0,144,1233,9900,7351,3466,10.1,1587441600,240,17.3,3.1
2020-04-22,2,2020-04-22,-7.1,52,414,308,122,922,926,12.8,1587589200,2.8,263,8.9,1587571200,3.3,1587549600,0,0,1011,final,35.5,1011,0,0,124,1237,9925,7393,2976,7.7,1587528000,263,15.2,2.8
2020-04-23,2,2020-04-23,-4.3,52,415,310,122,923,929,11.7,1587672000,2.9,205,4,1587675600,5.6,1587632400,1,1,1017,final,43.5,1017,0,0,93,1240,9950,7434,2240,7.6,1587614400,205,6.4,1.7
2020-04-24,2,2020-04-24,6.6,52,416,311,122,923,932,10,1587769200,2.8,49,7.6,1587736800,6.7,1587718800,15,15,1008,final,87.8,1008,0,0,60,1244,9973,7475,1434,8.5,1587700800,49,11.6,4.6
2020-04-25,2,2020-04-25,4.4,52,417,313,122,923,935,18.3,1587841200,6.5,209,6.3,1587852000,7.8,1587808800,0,0,1017,final,64,1017,0,0,228,1247,9996,7514,5479,11.8,1587787200,209,6.4,2.3
2020-04-26,2,2020-04-26,5.8,52,417,315,122,923,937,10.6,1587880800,2.8,43,11.6,1587924000,7.2,1587956400,5.5,5.5,1011,final,79.5,1011,0,0,89,1250,10018,7553,2135,9.2,1587873600,43,15.1,5.7
2020-04-27,2,2020-04-27,3.2,52,418,316,122,924,940,10.6,1588017600,3,78,7.2,1587985200,5.6,1587978000,0,0,1013,final,73.4,1013,0,0,104,1253,10040,7592,2503,7.7,1587960000,78,11.2,2.4
2020-04-28,2,2020-04-28,2.2,52,419,318,122,924,942,19.4,1588104000,7.1,188,5.4,1588086000,5.6,1588068000,0,0,1019,final,55.4,1019,0,0,265,1257,10060,7629,6359,11.8,1588046400,188,9.3,2.1
2020-04-29,2,2020-04-29,6.7,53,420,319,122,924,944,13.3,1588183200,5.1,53,7.2,1588194000,8.9,1588161600,0,0,1022,final,76,1022,0,0,134,1262,10081,7666,3215,10.8,1588132800,53,12.6,5.7
2020-04-30,2,2020-04-30,10.5,53,421,321,122,924,947,15,1588276800,3.4,88,8.1,1588266000,10.6,1588230000,23.5,23.5,1016,final,87.4,1016,0,0,88,1267,10105,7703,2122,12.5,1588219200,88,14.4,5.5
2020-05-01,2,2020-05-01,11.3,53,422,322,122,924,949,19.4,1588366800,3.5,173,6.3,1588309200,11.7,1588327200,20.5,20.5,1006,final,82.1,1006,0,0,138,1272,10132,7739,3301,14.6,1588305600,173,9.6,1.8
2020-05-02,2,2020-05-02,4.2,53,423,324,123,924,951,23.3,1588449600,6.2,259,6.7,1588464000,11.1,1588413600,0,0,1013,final,43.9,1013,0,0,273,1276,10161,7775,6551,17.4,1588392000,259,11.2,2.4
2020-05-03,2,2020-05-03,9.6,53,425,325,123,925,953,26.1,1588536000,4.7,259,6.3,1588536000,12.8,1588503600,4,4,1007,final,56.9,1007,0,0,252,1281,10190,7810,6048,18.9,1588478400,259,8.2,3
2020-05-04,2,2020-05-04,5.1,54,426,327,123,925,955,22.8,1588608000,6.7,208,8.1,1588579200,10.7,1588647600,0.5,0.5,1006,final,45,1006,0,0,310,1285,10219,7845,7448,17.5,1588564800,208,14,2.2
2020-05-05,2,2020-05-05,-2.6,54,427,328,123,925,958,18.3,1588712400,7.3,258,6.3,1588680000,8.3,1588676400,0,0,1012,final,36.4,1012,0,0,215,1289,10249,7878,5150,13,1588651200,258,10,2
2020-05-06,2,2020-05-06,4.5,54,428,330,123,925,959,12.8,1588737600,3.4,96,6.3,1588773600,8.3,1588820400,3.5,3.5,1010,final,67.7,1010,0,0,149,1292,10277,7912,3576,10.4,1588737600,96,8.8,4.1
2020-05-07,2,2020-05-07,0.6,54,429,331,123,925,961,20.6,1588881600,7.8,252,6.3,1588892400,8.3,1588824000,0,0,1008,final,45,1008,0,0,258,1296,10305,7944,6186,14,1588824000,252,9.3,3.5
2020-05-08,2,2020-05-08,1.6,54,430,332,123,925,963,15.6,1588910400,3,176,6.7,1588942800,7.2,1588993200,11,11,1008,final,57.5,1008,0,0,86,1300,10332,7976,2075,10.4,1588910400,176,12,2.1
2020-05-09,2,2020-05-09,-3.4,54,432,334,123,925,965,9.4,1589043600,5.6,174,9.4,1589050800,2.2,1589018400,1.5,1.5,1011,final,52.9,1011,0,0,266,1303,10358,8007,6375,6,1588996800,174,17.6,2.9
2020-05-10,2,2020-05-10,-1.7,54,433,335,123,925,967,17.8,1589144400,8.9,260,8.1,1589130000,4.4,1589104800,0,0,1017,final,42,1017,0,0,325,1306,10383,8037,7802,11.2,1589083200,260,12.9,6.6
2020-05-11,2,2020-05-11,4.9,55,434,336,123,925,968,16.1,1589223600,7.8,257,8.9,1589230800,8.1,1589252400,1,1,1011,final,62.8,1011,0,0,181,1311,10408,8067,4337,11.9,1589169600,257,19,3.4
2020-05-12,2,2020-05-12,-2.8,55,435,337,123,925,970,16.7,1589313600,9.9,265,7.6,1589284800,7.2,1589263200,0,0,1016,final,40.1,1016,0,0,284,1315,10432,8096,6808,11.6,1589256000,265,13.6,1.8
2020-05-13,2,2020-05-13,-1.4,55,436,339,123,925,971,18.9,1589403600,9.5,229,5.8,1589400000,6.1,1589364000,0,0,1025,final,42,1025,0,0,269,1320,10459,8124,6447,11.9,1589342400,229,11.2,2.6
2020-05-14,2,2020-05-14,3.3,55,437,340,123,925,973,18.9,1589486400,9,183,4.5,1589475600,10,1589446800,0,0,1024,final,47,1024,0,0,322,1324,10486,8152,7724,14.9,1589428800,183,6.4,2.1
2020-05-15,2,2020-05-15,13.5,55,438,341,123,925,974,27.2,1589569200,8.1,261,6.3,1589583600,15.6,1589533200,4.5,4.5,1013,final,63.1,1013,0,0,315,1328,10513,8179,7569,21.2,1589515200,261,9.6,3.8
2020-05-16,2,2020-05-16,11.6,55,439,342,123,925,976,25,1589659200,3.5,231,5.4,1589605200,17.4,1589684400,2.5,2.5,1016,final,57,1016,0,0,123,1332,10541,8206,2944,20.9,1589601600,231,8.2,1.8
2020-05-17,2,2020-05-17,8,56,440,343,123,925,977,18.9,1589734800,3.9,116,4.5,1589695200,13,1589706000,0,0,1024,final,62,1024,0,0,135,1335,10568,8232,3249,15.6,1589688000,116,8.8,3.7
2020-05-18,2,2020-05-18,8.3,56,441,344,123,925,978,20.6,1589824800,3.3,58,5.7,1589853600,13.3,1589774400,0,0,1020,final,60.1,1020,0,0,118,1339,10595,8257,2820,16.3,1589774400,58,9.2,3.8
2020-05-19,2,2020-05-19,4.4,56,443,345,123,925,979,19.4,1589914800,3.1,50,9.1,1589900400,12.8,1589943600,0,0,1024,final,48.5,1024,0,0,87,1342,10621,8281,2098,15.7,1589860800,50,12.9,6.7
2020-05-20,2,2020-05-20,3,56,444,346,123,925,981,18.9,1589997600,5.4,68,6.8,1589976000,10.7,1590030000,0,0,1030,final,48,1030,0,0,193,1345,10646,8305,4635,14.1,1589947200,68,10.8,5.1
2020-05-21,2,2020-05-21,7.4,56,445,347,123,925,982,19.4,1590087600,9.4,119,3.9,1590094800,10,1590040800,0,0,1029,final,64.8,1029,0,0,332,1348,10671,8328,7974,14.2,1590033600,119,7.6,2.6
2020-05-22,2,2020-05-22,13.2,56,446,348,123,925,983,24.4,1590166800,3.4,230,3.8,1590174000,12.8,1590120000,0.5,0.5,1021,final,76.6,1021,0,0,152,1351,10695,8350,3656,17.6,1590120000,230,5.6,1.6
2020-05-23,2,2020-05-23,14.3,56,447,349,123,925,984,20,1590264000,3.2,67,8.8,1590274800,13.9,1590289200,18,18,1016,final,87.4,1016,0,0,60,1354,10717,8372,1448,16.5,1590206400,67,13.8,3.9
2020-05-24,2,2020-05-24,9.2,57,447,350,123,925,985,21.1,1590346800,6.4,75,7.2,1590318000,12,1590318000,0,0,1024,final,66,1024,0,0,214,1356,10739,8393,5138,15.6,1590292800,75,11.6,4.6
2020-05-25,2,2020-05-25,12.9,57,448,351,123,925,986,23,1590433200,3.2,127,4.7,1590393600,13.3,1590400800,0,0,1023,final,77.4,1023,0,0,96,1359,10760,8412,2312,17.1,1590379200,127,5.3,2.7
2020-05-26,2,2020-05-26,14.6,57,449,351,123,925,987,23.9,1590523200,6,210,3.9,1590526800,14,1590480000,0,0,1023,final,81.9,1023,0,0,247,1361,10780,8432,5921,18,1590465600,210,6,2.3
2020-05-27,2,2020-05-27,15.3,57,450,352,123,925,987,24.4,1590602400,3.3,176,3.6,1590598800,15,1590573600,0,0,1023,final,82,1023,0,0,79,1364,10799,8450,1902,18.6,1590552000,176,7.2,2
2020-05-28,2,2020-05-28,17.7,57,451,353,123,925,988,23.9,1590681600,3.7,161,5.5,1590692400,16.7,1590638400,3,3,1021,final,86.7,1021,0,0,96,1366,10818,8468,2310,20,1590638400,161,9.3,2.7
2020-05-29,2,2020-05-29,19.1,57,451,354,124,924,989,27.2,1590778800,3.2,210,4.4,1590786000,18.3,1590724800,2.5,2.5,1015,final,80.1,1015,0,0,108,1368,10835,8485,2602,22.9,1590724800,210,10,2
2020-05-30,2,2020-05-30,13.9,57,452,354,124,924,990,28.3,1590868800,10,255,4.5,1590872400,19.4,1590825600,0,0,1012,final,59.3,1012,0,0,317,1370,10851,8501,7618,23.4,1590811200,255,8,2.6
2020-05-31,2,2020-05-31,4.2,57,453,355,124,924,990,22.8,1590955200,9.7,197,6,1590937200,14.4,1590922800,0,0,1017,final,39.5,1017,0,0,342,1372,10866,8516,8206,18.7,1590897600,197,11.6,2.2
2020-06-01,2,2020-06-01,3.6,57,453,355,124,924,991,23.3,1591045200,7.3,208,4.9,1591034400,11.7,1591005600,0,0,1021,final,40.5,1021,0,0,331,1373,10881,8530,7938,17.5,1590984000,208,13.7,2.3
2020-06-02,2,2020-06-02,8.4,57,454,356,124,924,992,23.3,1591120800,3.5,247,4.9,1591120800,15,1591092000,0,0,1015,final,49.8,1015,0,0,145,1375,10894,8544,3473,19.3,1591070400,247,6.8,2.7
2020-06-03,2,2020-06-03,16.3,57,454,357,124,924,992,26.1,1591221600,3.6,264,5.7,1591210800,16,1591167600,5.5,5.5,1005,final,75.2,1005,0,0,143,1376,10907,8557,3432,21,1591156800,264,10,3.2
2020-06-04,2,2020-06-04,16.8,57,455,357,124,924,993,30.6,1591297200,9.4,229,3.3,1591300800,19.4,1591243200,0,0,1010,final,67.5,1010,0,0,206,1378,10919,8569,4935,23.7,1591243200,229,6.8,1.8
2020-06-05,2,2020-06-05,19.6,57,455,358,124,924,993,28.3,1591383600,3.3,252,3.7,1591347600,20,1591354800,22.5,22.5,1012,final,84.7,1012,0,0,90,1379,10930,8580,2154,22.5,1591329600,252,8.4,2.2
2020-06-06,2,2020-06-06,17.6,58,456,358,124,924,993,30,1591462800,6.8,236,4.5,1591466400,20,1591437600,6,6,1008,final,69,1008,0,0,232,1380,10940,8591,5571,24.7,1591416000,236,8.8,1.6
2020-06-07,2,2020-06-07,9,58,456,358,124,924,994,26.7,1591563600,9.6,109,4.4,1591556400,17.8,1591527600,0,0,1012,final,43.9,1012,0,0,347,1381,10949,8601,8337,22.3,1591502400,109,11.2,2.1
2020-06-08,2,2020-06-08,9,58,457,359,124,923,994,27.8,1591650000,10.5,211,4.6,1591635600,17.2,1591610400,0,0,1015,final,45,1015,0,0,327,1382,10958,8610,7849,21.9,1591588800,211,6.8,2.3
2020-06-09,2,2020-06-09,13.9,58,457,359,124,923,994,30.6,1591736400,10.3,247,3.9,1591736400,18.3,1591696800,0,0,1013,final,52.8,1013,0,0,359,1383,10966,8618,8618,24.6,1591675200,247,6.4,2.9
2020-06-10,2,2020-06-10,17.8,58,457,359,124,923,995,28.3,1591819200,3.6,143,5.1,1591819200,21.7,1591840800,0,0,1014,final,66.9,1014,0,0,140,1384,10972,8625,3350,24.4,1591761600,143,9.2,2.9
2020-06-11,2,2020-06-11,20.4,58,457,360,124,923,995,27.2,1591891200,3.3,232,6.5,1591880400,21.7,1591905600,15,15,1015,final,83.8,1015,0,0,89,1385,10979,8632,2141,23.3,1591848000,232,14.9,3
2020-06-12,2,2020-06-12,13.7,58,458,360,124,923,995,29.4,1591981200,10,210,4.3,1591981200,20.6,1591948800,0,0,1017,final,54.3,1017,0,0,322,1386,10984,8638,7736,25,1591934400,210,7.9,2.2
2020-06-13,2,2020-06-13,7.9,58,458,360,124,923,995,25.6,1592082000,10.6,112,6.2,1592103600,16.7,1592046000,0,0,1021,final,44.1,1021,0,0,360,1386,10988,8643,8643,20.9,1592020800,112,9.4,2.7
2020-06-14,2,2020-06-14,8.1,58,458,360,123,923,995,24.4,1592161200,10,89,6.6,1592125200,14.4,1592125200,0,0,1027,final,50.3,1027,0,0,332,1386,10992,8647,7960,18.9,1592107200,89,10.3,3.7
2020-06-15,2,2020-06-15,11.7,58,458,360,123,923,995,23.3,1592251200,3.4,101,6.7,1592233200,17.2,1592208000,0,0,1029,final,61.3,1029,0,0,146,1387,10995,8650,3514,19.6,1592193600,101,9.3,3.8
2020-06-16,2,2020-06-16,11.7,58,458,361,123,923,995,25,1592330400,4.9,97,6.5,1592323200,17.2,1592301600,0,0,1028,final,58.3,1028,0,0,266,1387,10998,8653,6390,20.5,1592280000,97,9.3,3.5
2020-06-17,2,2020-06-17,14.5,58,458,361,123,922,995,26.1,1592416800,7.1,71,6.3,1592406000,17.8,1592380800,0,0,1024,final,69.3,1024,0,0,218,1387,10999,8655,5237,20.6,1592366400,71,9.3,4.4
2020-06-18,2,2020-06-18,17.8,58,458,361,123,922,995,24.4,1592514000,3.3,107,4.6,1592485200,18.9,1592463600,1,1,1021,final,82.3,1021,0,0,79,1387,11000,8656,1894,21,1592452800,107,6.8,3.1
2020-06-19,2,2020-06-19,18,58,458,361,123,922,995,27.2,1592589600,5,210,3.1,1592600400,18,1592557200,0,0,1020,final,77.9,1020,0,0,201,1387,11000,8656,4834,22.3,1592539200,210,7.2,2.5
2020-06-20,2,2020-06-20,18.5,58,458,361,123,922,995,29.4,1592672400,3.3,242,3.1,1592683200,20.6,1592647200,2.5,2.5,1017,final,71.7,1017,0,0,144,1387,10999,8656,3457,24.2,1592625600,242,6.8,2
2020-06-21,2,2020-06-21,18.9,58,458,361,123,922,995,30,1592766000,6.2,230,4.5,1592766000,20.6,1592733600,0.5,0.5,1016,final,71,1016,0,0,283,1387,10998,8654,6787,24.8,1592712000,230,6.4,1.8
2020-06-22,2,2020-06-22,19.2,58,458,361,123,922,995,32.2,1592845200,9.3,221,3.6,1592859600,21.7,1592820000,1,1,1013,final,67.3,1013,0,0,357,1387,10996,8652,8556,26.1,1592798400,221,6.4,2.6
2020-06-23,2,2020-06-23,19.9,58,458,360,123,922,995,28.9,1592928000,4.6,192,5.8,1592938800,22.8,1592899200,0.5,0.5,1008,final,71.5,1008,0,0,240,1386,10993,8649,5768,25.6,1592884800,192,8.8,2.7
2020-06-24,2,2020-06-24,17.1,58,458,360,123,922,995,30,1593025200,7.1,234,5.4,1593018000,23.3,1592974800,1,1,1006,final,59.4,1006,0,0,231,1386,10989,8646,5550,26.5,1592971200,234,9.3,3.6
2020-06-25,2,2020-06-25,14.5,58,458,360,123,922,994,29.4,1593104400,9.2,227,3.6,1593108000,22.2,1593075600,0.5,0.5,1014,final,53,1014,0,0,292,1385,10985,8641,7012,25,1593057600,227,8.2,2.4
2020-06-26,2,2020-06-26,15.1,58,457,360,123,921,994,30.6,1593201600,7.6,252,4,1593201600,20.6,1593165600,0,0,1013,final,55.8,1013,0,0,337,1385,10980,8636,8087,25.5,1593144000,252,7.6,2.5
2020-06-27,2,2020-06-27,18.5,58,457,360,123,921,994,26.1,1593298800,3.6,253,5.4,1593280800,21.7,1593248400,6.5,6.5,1009,final,71.5,1009,0,0,114,1384,10974,8630,2744,24.1,1593230400,253,11.2,2.2
2020-06-28,2,2020-06-28,20.4,58,457,359,123,921,993,31.1,1593363600,8.5,207,5.4,1593385200,22.2,1593334800,4.5,4.5,1006,final,74.4,1006,0,0,341,1383,10968,8623,8196,25.7,1593316800,207,10.3,2.3
2020-06-29,2,2020-06-29,18.4,58,457,359,123,921,993,31.7,1593464400,8.8,173,14.8,1593468000,21.7,1593424800,1.5,1.5,1009,final,67.1,1009,0,0,349,1382,10960,8616,8370,25.4,1593403200,173,14.6,2
2020-06-30,2,2020-06-30,17.9,58,456,359,123,921,992,27.2,1593547200,6.9,181,5.4,1593522000,20.6,1593507600,13,13,1012,final,73,1012,0,0,307,1381,10952,8607,7376,23.1,1593489600,181,25.9,1.9
2020-07-01,2,2020-07-01,18.5,58,456,358,123,921,992,27,1593615600,7,160,5.4,1593651600,19,1593622800,9.5,9.5,1011,final,77.4,1011,0,0,312,1380,10944,8598,7500,22.8,1593576000,160,6.4,1.9
2020-07-02,2,2020-07-02,18.4,57,456,358,123,921,991,32.2,1593712800,9.2,228,5.4,1593712800,21.1,1593673200,0,0,1009,final,63.2,1009,0,0,356,1379,10934,8588,8545,26.5,1593662400,228,7.6,1.9
2020-07-03,2,2020-07-03,19.5,57,455,357,123,921,991,32.8,1593806400,7.6,176,6.7,1593813600,23,1593831600,7,7,1010,final,62.3,1010,0,0,315,1378,10924,8578,7548,27.7,1593748800,176,9.5,2.2
2020-07-04,2,2020-07-04,19.1,57,455,357,123,920,990,31.1,1593889200,9.5,110,4.5,1593846000,21,1593856800,3,3,1013,final,73.1,1013,0,0,323,1377,10912,8566,7753,24.6,1593835200,110,7.6,3
2020-07-05,2,2020-07-05,19.9,57,454,356,123,920,990,33.9,1593975600,9.8,235,4.5,1593950400,22,1593939600,0,0,1014,final,67.9,1014,0,0,307,1375,10901,8554,7365,27,1593921600,235,6.4,2
2020-07-06,2,2020-07-06,19.4,57,454,356,123,920,989,34,1594058400,9.2,193,7.6,1594065600,22,1594069200,3,3,1016,final,69.1,1016,0,0,332,1374,10888,8541,7967,26,1594008000,193,10.3,2.4
2020-07-07,2,2020-07-07,20.9,57,453,355,123,920,988,28,1594134000,6.1,99,4.5,1594105200,22,1594105200,4.5,4.5,1018,final,78.5,1018,0,0,196,1372,10874,8527,4713,25,1594094400,99,8.4,3.2
2020-07-08,2,2020-07-08,22.1,57,452,355,123,920,988,30,1594227600,3.2,201,9.4,1594227600,23.9,1594198800,2.5,2.5,1016,final,80.6,1016,0,0,108,1370,10860,8513,2582,25.8,1594180800,201,25.4,1.7
2020-07-09,2,2020-07-09,21.9,57,452,354,123,920,987,31.7,1594321200,9.7,218,4,1594328400,23.3,1594288800,0,0,1015,final,76.1,1015,0,0,353,1368,10845,8498,8474,26.7,1594267200,218,7.2,2.4
2020-07-10,2,2020-07-10,22.4,57,451,353,123,920,986,26,1594353600,3.2,63,7.6,1594414800,23,1594404000,32.5,32.5,1010,final,89.5,1010,0,0,49,1366,10829,8482,1181,24.3,1594353600,63,15.2,5.5
2020-07-11,2,2020-07-11,22.6,57,450,353,123,920,985,30.6,1594497600,8.2,217,5.4,1594450800,23,1594447200,10.5,10.5,1005,final,81.6,1005,0,0,272,1364,10812,8465,6518,26.1,1594440000,217,12.8,3.9
2020-07-12,2,2020-07-12,18.7,57,450,352,123,919,984,32.2,1594587600,8.9,261,5.4,1594580400,22.8,1594551600,0,0,1006,final,61.2,1006,0,0,346,1362,10794,8447,8310,27.3,1594526400,261,9.2,4.2
2020-07-13,2,2020-07-13,18.4,57,449,351,123,919,983,32.2,1594674000,5.9,251,5.8,1594670400,22.8,1594630800,3,3,1008,final,60.5,1008,0,0,252,1360,10775,8429,6051,27.2,1594612800,251,8.8,2.8
2020-07-14,2,2020-07-14,16.5,57,448,350,123,919,982,31.7,1594760400,8.7,219,5.4,1594753200,22.2,1594720800,0,0,1014,final,53.6,1014,0,0,346,1358,10755,8410,8309,27,1594699200,219,7.2,2.4
2020-07-15,2,2020-07-15,18.8,56,447,350,123,919,981,28.9,1594828800,7.1,109,5.8,1594818000,22.8,1594868400,1,1,1021,final,69,1021,0,0,302,1355,10735,8390,7239,25,1594785600,109,7.7,3.6
2020-07-16,2,2020-07-16,16.8,56,446,349,123,919,980,26.1,1594926000,4.8,133,5.4,1594929600,21.3,1594954800,0,0,1025,final,66.8,1025,0,0,215,1353,10713,8370,5166,23.4,1594872000,133,8.2,3.6
2020-07-17,2,2020-07-17,20.5,56,445,348,123,919,979,31.1,1595019600,5.3,191,3.6,1595041200,21.1,1594958400,2.5,2.5,1019,final,76.8,1019,0,0,184,1350,10691,8348,4417,24.9,1594958400,191,8,2.2
2020-07-18,2,2020-07-18,20,56,444,347,123,919,978,35,1595098800,10.2,246,3.1,1595044800,23.9,1595070000,0,0,1017,final,63.5,1017,0,0,322,1347,10667,8326,7731,28.3,1595044800,246,6.4,1.7
2020-07-19,2,2020-07-19,21.6,56,443,346,123,918,977,35,1595181600,7,231,3.6,1595188800,24.4,1595149200,0,0,1013,final,65.7,1013,0,0,303,1344,10643,8304,7278,29,1595131200,231,7.6,2.9
2020-07-20,2,2020-07-20,21.7,56,442,345,123,918,976,35,1595264400,4.5,269,5.8,1595275200,26.7,1595239200,0,0,1011,final,61.9,1011,0,0,214,1341,10618,8280,5144,30.4,1595217600,269,8.8,2.8
2020-07-21,2,2020-07-21,19.4,56,441,344,122,918,974,33.9,1595358000,9.5,184,4,1595365200,26.7,1595322000,0,0,1015,final,55.8,1015,0,0,335,1338,10591,8256,8042,29.3,1595304000,184,5.6,2.1
2020-07-22,2,2020-07-22,22.6,56,440,343,122,918,973,34.4,1595440800,7.9,227,10.3,1595458800,23,1595462400,4,4,1016,final,76,1016,0,0,306,1335,10564,8231,7337,27.6,1595390400,227,20.5,2.3
2020-07-23,2,2020-07-23,22.5,55,439,342,122,918,972,31.7,1595534400,3.1,242,5.4,1595512800,23,1595491200,7,7,1016,final,78.9,1016,0,0,107,1332,10535,8206,2559,26.6,1595476800,242,9.6,3.2
2020-07-24,2,2020-07-24,21.9,55,438,341,122,918,970,27,1595628000,3.1,142,5.8,1595599200,23,1595602800,14,14,1018,final,83.1,1018,0,0,69,1328,10506,8179,1661,25,1595563200,142,7.8,2.7
2020-07-25,2,2020-07-25,21.8,55,436,340,122,917,969,32.2,1595710800,7,245,4,1595703600,23,1595667600,0,0,1018,final,72.7,1018,0,0,269,1324,10475,8152,6449,27.6,1595649600,245,6.8,2.2
2020-07-26,2,2020-07-26,20.2,55,435,339,122,917,967,34.4,1595786400,8,250,6.3,1595786400,25,1595754000,0,0,1015,final,61.3,1015,0,0,279,1321,10444,8125,6704,29.5,1595736000,250,10.8,3.4
2020-07-27,2,2020-07-27,19.7,55,434,337,122,917,966,35,1595883600,8,253,6.3,1595876400,25.6,1595840400,0,0,1010,final,54.6,1010,0,0,307,1317,10411,8096,7360,30.2,1595822400,253,8.4,3.7
2020-07-28,2,2020-07-28,21.7,55,432,336,122,917,964,33.3,1595952000,8.3,217,6.3,1595962800,26.7,1595934000,2,2,1008,final,62.6,1008,0,0,311,1313,10378,8067,7472,29.8,1595908800,217,10,3.1
2020-07-29,2,2020-07-29,20.9,55,431,335,122,917,962,33,1596038400,9.4,228,4,1596045600,25,1596016800,0,0,1012,final,62.3,1012,0,0,331,1308,10344,8038,7939,29,1595995200,228,24.8,2
2020-07-30,2,2020-07-30,19.1,54,430,334,122,916,961,33.3,1596135600,3.5,203,5.4,1596132000,25.6,1596099600,0,0,1010,final,55.3,1010,0,0,109,1304,10309,8008,2625,29.2,1596081600,203,19.2,2.3
2020-07-31,2,2020-07-31,20.8,54,428,332,122,916,959,28.3,1596229200,3.3,148,6.3,1596171600,22,1596175200,7,7,1009,final,80.4,1009,0,0,104,1299,10275,7977,2490,24.6,1596168000,148,16.3,2.3
2020-08-01,2,2020-08-01,20,54,427,331,122,916,957,32.8,1596308400,6.1,198,4,1596319200,23.3,1596265200,0,0,1013,final,67.3,1013,0,0,275,1294,10240,7946,6600,27.2,1596254400,198,8,2.7
2020-08-02,2,2020-08-02,23.2,54,425,330,122,916,955,32.2,1596402000,3.1,197,5.4,1596380400,25,1596362400,4.5,4.5,1012,final,74.8,1012,0,0,97,1289,10206,7914,2317,28.2,1596340800,197,10.8,3.7
2020-08-03,2,2020-08-03,20.1,54,424,328,122,916,953,32.8,1596484800,7.7,247,6.7,1596477600,23.9,1596506400,0,0,1015,final,62.3,1015,0,0,285,1284,10172,7881,6847,28.3,1596427200,247,17.4,3.4
2020-08-04,2,2020-08-04,21.2,53,423,327,122,915,951,27.2,1596578400,3.4,147,11.2,1596574800,22.2,1596564000,17.5,17.5,1010,final,79.4,1010,0,0,109,1279,10141,7849,2608,25.2,1596513600,147,29.6,5.4
2020-08-05,2,2020-08-05,18.9,53,421,326,121,915,949,31.7,1596654000,8.7,251,5.8,1596661200,23.9,1596621600,0,0,1015,final,62.4,1015,0,0,321,1273,10112,7815,7696,27.3,1596600000,251,8.8,3.3
2020-08-06,2,2020-08-06,17.5,53,420,324,121,915,947,28.3,1596740400,3.9,165,3.6,1596744000,23.9,1596704400,0,0,1019,final,61.5,1019,0,0,138,1267,10086,7782,3312,25.5,1596686400,165,6.4,2.1
2020-08-07,2,2020-08-07,19.1,53,419,323,121,915,945,27.2,1596819600,2.9,77,5.4,1596816000,21.1,1596794400,3,3,1020,final,74.1,1020,0,0,135,1262,10063,7748,3247,24.1,1596772800,77,9.3,3.2
2020-08-08,2,2020-08-08,20.5,52,418,321,121,914,943,30.6,1596913200,4.9,142,4,1596873600,22,1596877200,11.5,11.5,1020,final,76.6,1020,0,0,244,1258,10043,7713,5854,25.1,1596859200,142,5.6,2.3
2020-08-09,2,2020-08-09,21.5,52,418,320,121,914,941,31.1,1596996000,7.5,218,4,1597003200,22.8,1596967200,0,0,1019,final,75.3,1019,0,0,306,1254,10024,7679,7355,26.5,1596945600,218,6.4,2.9
2020-08-10,2,2020-08-10,22.5,52,417,318,121,914,938,33.3,1597086000,8.8,228,4.5,1597086000,24,1597053600,1.5,1.5,1016,final,71.7,1016,0,0,315,1251,10004,7643,7561,28.5,1597032000,228,6.4,2.7
2020-08-11,2,2020-08-11,23,52,416,317,121,913,936,31.7,1597165200,4.3,222,5.8,1597172400,25,1597140000,1,1,1014,final,75.5,1014,0,0,211,1248,9984,7607,5060,28,1597118400,222,9.3,2.5
2020-08-12,2,2020-08-12,23.3,52,415,315,121,913,933,33.3,1597251600,5.3,232,5.8,1597258800,25.6,1597226400,9.5,9.5,1016,final,77.1,1016,0,0,239,1245,9964,7571,5733,27.9,1597204800,232,6.4,2
2020-08-13,2,2020-08-13,22,52,414,314,121,913,931,26.1,1597291200,2.9,89,4,1597316400,23,1597330800,9,9,1018,final,81.2,1018,0,0,77,1242,9942,7533,1850,25.5,1597291200,89,5.6,2.4
2020-08-14,2,2020-08-14,19.5,52,413,312,121,913,928,31.7,1597431600,5.4,69,6.7,1597424400,23.9,1597395600,1,1,1016,final,65,1016,0,0,205,1238,9921,7495,4928,27.3,1597377600,69,21.1,3.8
2020-08-15,2,2020-08-15,16.6,51,412,311,121,912,926,30,1597514400,3.8,48,6.7,1597500000,23,1597546800,0,0,1016,final,57.6,1016,0,0,133,1235,9898,7456,3196,25.8,1597464000,48,10.2,5
2020-08-16,2,2020-08-16,18,51,411,309,120,912,923,22.8,1597550400,2.8,34,6.7,1597579200,20.6,1597597200,14,14,1014,final,81.1,1014,0,0,41,1232,9875,7417,992,21.4,1597550400,34,10,5.2
2020-08-17,2,2020-08-17,17.6,51,410,307,120,911,920,28.9,1597687200,6.5,171,4.5,1597694400,20,1597658400,2.5,2.5,1012,final,72,1012,0,0,274,1228,9851,7377,6564,23.1,1597636800,171,19.6,2.4
2020-08-18,2,2020-08-18,17,51,409,306,120,911,917,30,1597788000,8.3,200,5.8,1597748400,19,1597744800,3,3,1011,final,66.8,1011,0,0,303,1225,9826,7336,7270,24.3,1597723200,200,5.6,2
2020-08-19,2,2020-08-19,18.3,51,408,304,120,911,914,27,1597870800,3.8,107,4,1597838400,20.6,1597849200,2.5,2.5,1013,final,73.8,1013,0,0,172,1221,9800,7295,4129,23.4,1597809600,107,11.8,2.3
2020-08-20,2,2020-08-20,14,51,407,302,120,910,911,29.4,1597957200,8.4,167,4,1597964400,19.4,1597921200,0,0,1017,final,55.8,1017,0,0,280,1217,9774,7253,6715,24.1,1597896000,167,7.2,2.2
2020-08-21,2,2020-08-21,18.4,51,406,300,120,910,908,31.1,1598043600,3.1,247,5.8,1598022000,20.6,1598007600,0,0,1014,final,66.7,1014,0,0,117,1213,9747,7210,2808,25.4,1597982400,247,7.2,3.6
2020-08-22,2,2020-08-22,20.7,50,405,299,120,909,905,32,1598119200,5,224,5.4,1598068800,23.3,1598086800,1.5,1.5,1013,final,70.8,1013,0,0,219,1209,9719,7167,5258,26.7,1598068800,224,7.2,2.9
2020-08-23,2,2020-08-23,21.5,50,404,297,120,909,902,31.7,1598212800,5.8,232,4,1598216400,23.3,1598173200,0,0,1017,final,75,1017,0,0,242,1205,9690,7123,5819,26.4,1598155200,232,6.4,2.4
2020-08-24,2,2020-08-24,21.4,50,403,295,119,909,899,32.2,1598302800,5.8,246,5.4,1598292000,23.9,1598263200,0,0,1015,final,69.7,1015,0,0,243,1201,9661,7078,5821,27.8,1598241600,246,10.3,2.4
2020-08-25,2,2020-08-25,19.6,50,401,293,119,908,896,32.8,1598378400,6.4,230,9.4,1598374800,23.9,1598349600,1,1,1009,final,63.3,1009,0,0,205,1197,9630,7033,4909,27.6,1598328000,230,10,3.7
2020-08-26,2,2020-08-26,12.8,50,400,291,119,908,892,28.3,1598468400,7.8,209,7.2,1598450400,20.6,1598439600,0,0,1013,final,49.4,1013,0,0,182,1193,9598,6987,4372,24.3,1598414400,209,10.8,2.5
2020-08-27,2,2020-08-27,18.7,50,399,289,119,907,889,32.8,1598558400,6.5,214,7.6,1598554800,21.1,1598526000,1,1,1008,final,64.5,1008,0,0,250,1188,9566,6941,6002,26.2,1598500800,214,13.1,3.3
2020-08-28,2,2020-08-28,20,49,397,287,119,907,885,31.1,1598641200,6.9,247,5.4,1598666400,22.2,1598608800,0.5,0.5,1009,final,73.5,1009,0,0,192,1184,9532,6894,4605,25.5,1598587200,247,7.7,3.1
2020-08-29,2,2020-08-29,21.8,49,396,285,119,906,882,27.8,1598734800,2.6,239,6.3,1598734800,22.8,1598688000,15,15,1002,final,84.8,1002,0,0,83,1179,9497,6847,1987,24.6,1598673600,239,8.8,3.4
2020-08-30,2,2020-08-30,13.7,49,394,283,119,906,878,28.9,1598821200,6.1,231,6.7,1598803200,20.6,1598785200,0,0,1007,final,52.8,1007,0,0,249,1175,9461,6799,5969,24.3,1598760000,231,11.2,2.3
2020-08-31,2,2020-08-31,14.4,49,393,281,118,905,875,25.6,1598900400,2.5,94,4,1598846400,20.6,1598860800,0,0,1018,final,59.5,1018,0,0,71,1170,9424,6750,1701,22.8,1598846400,94,6.2,3
2020-09-01,2,2020-09-01,18.4,49,391,279,118,904,871,27.8,1598990400,4.7,97,5.4,1598986800,19,1598954400,0,0,1019,final,75.5,1019,0,0,141,1165,9385,6701,3380,23.1,1598932800,97,8.8,3.3
2020-09-02,2,2020-09-02,21.5,48,389,277,118,904,867,27.8,1599073200,2.7,138,3.6,1599030000,21.7,1599037200,7.5,7.5,1012,final,84.3,1012,0,0,71,1160,9346,6652,1708,24.4,1599019200,138,6.4,2.6
2020-09-03,2,2020-09-03,19.5,48,388,275,118,903,863,32.2,1599159600,7.2,212,4.5,1599170400,22.9,1599188400,3.5,3.5,1008,final,69.5,1008,0,0,215,1154,9305,6602,5169,26.2,1599105600,212,7.7,2
2020-09-04,2,2020-09-04,17.9,48,386,273,118,903,859,31.7,1599246000,6.9,258,5.4,1599228000,21.7,1599217200,0,0,1011,final,65.3,1011,0,0,273,1149,9262,6551,6541,26,1599192000,258,6.8,2.5
2020-09-05,2,2020-09-05,12.1,48,384,271,118,902,855,28.3,1599336000,7.3,186,4.5,1599354000,20.6,1599303600,0,0,1021,final,49.4,1021,0,0,257,1143,9218,6500,6166,24,1599278400,186,7.6,2.8
2020-09-06,2,2020-09-06,15.7,47,382,269,117,901,851,28.9,1599415200,7.1,221,4,1599422400,20,1599390000,0,0,1021,final,61.8,1021,0,0,258,1138,9173,6449,6188,23.6,1599364800,221,7.2,2.9
2020-09-07,2,2020-09-07,17.1,47,380,267,117,900,847,27.2,1599498000,5.8,207,5.4,1599508800,20.6,1599472800,0,0,1019,final,68.3,1019,0,0,242,1132,9126,6397,5805,23.4,1599451200,207,8.8,2.9
2020-09-08,2,2020-09-08,19,47,378,264,117,900,843,28.9,1599598800,6.8,204,3.6,1599591600,21.7,1599552000,0,0,1021,final,73.7,1021,0,0,209,1126,9078,6345,5028,24.2,1599537600,204,6.4,2
2020-09-09,2,2020-09-09,20.5,47,376,262,117,899,839,27.2,1599667200,2.4,113,3.1,1599660000,22,1599634800,0,0,1025,final,79.8,1025,0,0,73,1120,9029,6293,1749,24.3,1599624000,113,5.2,2.3
2020-09-10,2,2020-09-10,22.6,46,374,260,117,898,834,28.3,1599757200,2.3,141,4.5,1599717600,23,1599728400,22.5,22.5,1023,final,87.5,1023,0,0,41,1114,8978,6240,981,24.9,1599710400,141,6,2.7
2020-09-11,2,2020-09-11,17.9,46,372,258,116,897,830,27.2,1599858000,4.2,78,6.3,1599836400,20.1,1599879600,3.5,3.5,1021,final,70.8,1021,0,0,200,1107,8927,6188,4792,23.9,1599796800,78,16.9,3.1
2020-09-12,2,2020-09-12,13.8,46,370,256,116,897,826,23.3,1599930000,3.6,62,5.4,1599908400,18.3,1599908400,0,0,1025,final,65.2,1025,0,0,174,1100,8875,6135,4177,20.7,1599883200,62,8.4,4
2020-09-13,2,2020-09-13,17.1,46,368,253,116,896,821,25.6,1600027200,2.6,118,4.5,1600020000,18.3,1599969600,0,0,1019,final,73.9,1019,0,0,128,1093,8823,6082,3083,22.1,1599969600,118,7.2,3.6
2020-09-14,2,2020-09-14,14.3,45,366,251,116,895,817,26.1,1600113600,5.9,150,6.7,1600138800,17.9,1600138800,0,0,1019,final,60.3,1019,0,0,202,1086,8773,6028,4840,22.8,1600056000,150,9.2,2.4
2020-09-15,2,2020-09-15,8.4,45,364,249,116,894,812,22.2,1600196400,7,112,6.7,1600149600,13.9,1600167600,0,0,1026,final,55.3,1026,0,0,249,1079,8727,5975,5975,17.6,1600142400,112,11.4,3.6
2020-09-16,2,2020-09-16,12.7,45,362,247,115,893,807,23.3,1600286400,4.8,236,4,1600308000,15.6,1600246800,0,0,1023,final,66.5,1023,0,0,242,1071,8688,5922,5803,19.3,1600228800,236,9.3,3.3
2020-09-17,2,2020-09-17,17.1,44,360,245,115,892,803,25,1600365600,2.1,225,4.5,1600315200,18,1600333200,0,0,1016,final,76.9,1016,0,0,59,1065,8651,5870,1421,21.4,1600315200,225,7.2,2.6
2020-09-18,2,2020-09-18,12.4,44,359,242,115,891,798,23.3,1600455600,2.8,73,7.2,1600437600,16,1600484400,0,0,1015,final,61.8,1015,0,0,157,1060,8615,5817,3769,20.4,1600401600,73,17.5,3.5
2020-09-19,2,2020-09-19,2.4,44,357,240,115,890,793,20.6,1600549200,6.7,53,7.6,1600524000,11.7,1600509600,0,0,1026,final,40.6,1026,0,0,240,1054,8577,5764,5764,16.2,1600488000,53,12.2,3.5
2020-09-20,2,2020-09-20,3.2,44,356,238,114,890,788,20,1600628400,4.9,42,6.7,1600624800,12.2,1600596000,0,0,1032,final,42.6,1032,0,0,236,1049,8538,5710,5655,16.1,1600574400,42,11,5.5
2020-09-21,2,2020-09-21,5.4,43,354,236,114,889,783,21.1,1600718400,6.6,52,6.7,1600711200,12.8,1600682400,0,0,1033,final,47.8,1033,0,0,236,1044,8498,5656,5656,16.8,1600660800,52,9.4,4
2020-09-22,2,2020-09-22,5.1,43,352,233,114,887,778,25,1600804800,6.5,194,5.8,1600750800,12.2,1600768800,0,0,1019,final,43.9,1019,0,0,233,1038,8457,5602,5602,18.2,1600747200,194,9.2,1.9
2020-09-23,2,2020-09-23,10.7,43,351,231,114,886,773,28.3,1600887600,6.4,290,6.7,1600862400,16.1,1600858800,0,0,1011,final,50.3,1011,0,0,231,1033,8416,5548,5545,21.7,1600833600,290,9.2,2
2020-09-24,2,2020-09-24,13.2,43,349,229,113,885,768,24.4,1600970400,2,261,4,1600977600,17.8,1600941600,0,0,1015,final,61,1015,0,0,61,1027,8373,5493,1454,21.1,1600920000,261,5.2,2
2020-09-25,2,2020-09-25,16.1,43,347,227,113,884,763,25.6,1601060400,3.8,235,3.1,1601064000,17.8,1601024400,0,0,1018,final,75,1018,0,0,101,1021,8330,5439,2432,20.9,1601006400,235,4.8,1.9
2020-09-26,2,2020-09-26,17.2,42,345,224,113,883,758,23.9,1601154000,4.4,137,4,1601154000,18.9,1601103600,0,0,1018,final,79.6,1018,0,0,149,1015,8285,5384,3575,20.9,1601092800,137,7.2,2.2
2020-09-27,2,2020-09-27,19.2,42,343,222,113,882,753,27.2,1601233200,2.6,119,4,1601258400,20,1601186400,0.5,0.5,1015,final,81.8,1015,0,0,95,1009,8240,5329,2288,22.7,1601179200,119,4.8,2.1
2020-09-28,2,2020-09-28,19.3,42,341,220,112,881,747,26.7,1601319600,3.3,186,4,1601326800,21,1601287200,0,0,1012,final,81.8,1012,0,0,144,1003,8194,5274,3448,22.7,1601265600,186,18.5,3
2020-09-29,2,2020-09-29,19.5,42,339,217,112,880,742,23.3,1601406000,1.8,174,4.5,1601434800,20.6,1601362800,5.5,5.5,1010,final,87.5,1010,0,0,60,997,8147,5219,1446,21.7,1601352000,174,10.8,2.3
2020-09-30,2,2020-09-30,13.5,41,338,215,112,878,737,22.2,1601445600,5.5,230,7.6,1601467200,16.7,1601470800,20,20,1005,final,70.6,1005,0,0,190,990,8100,5163,4571,19.5,1601438400,230,13.2,5.8
2020-10-01,2,2020-10-01,11.6,41,336,213,112,877,732,22.8,1601571600,4.8,255,5.4,1601524800,16.7,1601546400,0,0,1012,final,62.2,1012,0,0,173,984,8053,5108,4158,19.3,1601524800,255,8.8,4.2
2020-10-02,2,2020-10-02,9.2,41,334,211,111,876,726,21.1,1601668800,4.8,260,4,1601661600,14.4,1601643600,2.5,2.5,1015,final,60.8,1015,0,0,147,977,8006,5053,3518,17.1,1601611200,260,7.7,2.7
2020-10-03,2,2020-10-03,6.8,40,332,208,111,875,721,21.1,1601755200,5.5,224,5.4,1601744400,13.3,1601715600,0,0,1022,final,53.1,1022,0,0,208,970,7960,4998,4996,16.8,1601697600,224,6.4,2.3
2020-10-04,2,2020-10-04,9.8,40,330,206,111,873,715,19.4,1601848800,4,53,5.4,1601859600,14.4,1601798400,0,0,1023,final,64.5,1024,0,0,139,963,7915,4943,3342,16.7,1601784000,53,6,2.7
2020-10-05,2,2020-10-05,11.3,40,328,204,110,872,710,19.6,1601888400,4.6,116,4,1601888400,12.6,1601953200,0,0,1020,final,74.7,1022,0,0,184,956,7872,4888,4408,16,1601870400,116,6,2.3
2020-10-06,2,2020-10-06,11.1,40,326,201,110,871,704,22.2,1602014400,4.4,250,5.4,1602000000,14.4,1601982000,0,0,1018,final,65.8,1018,0,0,194,949,7831,4834,4646,18,1601956800,250,7.6,3.3
2020-10-07,2,2020-10-07,11.5,39,325,199,110,869,699,23.9,1602097200,4.7,267,7.2,1602093600,16.1,1602068400,0,0,1007,final,62.3,1007,0,0,188,943,7789,4779,4521,19.3,1602043200,267,12,4.4
2020-10-08,2,2020-10-08,5.5,39,323,197,110,868,693,20.6,1602183600,5.3,270,7.6,1602154800,13.9,1602212400,0,0,1014,final,48.1,1014,0,0,197,937,7747,4725,4725,16.7,1602129600,270,13.2,2.2
2020-10-09,2,2020-10-09,7,39,321,195,109,866,688,22.8,1602273600,5,246,5.8,1602291600,12.2,1602234000,0,0,1021,final,52.7,1021,0,0,190,931,7703,4671,4557,16.9,1602216000,246,14.9,3
2020-10-10,2,2020-10-10,13.3,39,319,192,109,865,682,21.7,1602360000,3.5,249,6.3,1602306000,15.6,1602324000,0,0,1016,final,70.7,1016,0,0,138,926,7658,4617,3308,18.8,1602302400,249,10.3,5
2020-10-11,2,2020-10-11,13.2,38,317,190,109,863,677,20,1602435600,1.6,121,6.3,1602460800,16.7,1602471600,0.5,0.5,1018,final,71.5,1018,0,0,48,920,7612,4563,1146,18.6,1602388800,121,9,4
2020-10-12,2,2020-10-12,10.9,38,315,188,108,862,671,16.7,1602475200,1.6,39,7.6,1602518400,11.7,1602507600,12,12,1021,final,87.2,1021,0,0,34,914,7566,4509,817,13,1602475200,39,13.1,7.6
2020-10-13,2,2020-10-13,12.8,38,313,186,108,860,666,16.1,1602615600,1.5,105,6.7,1602583200,13.3,1602572400,0.5,0.5,1012,final,88.5,1012,0,0,32,908,7518,4456,770,14.7,1602561600,105,11.1,3.9
2020-10-14,2,2020-10-14,8.5,38,311,183,108,859,660,21.7,1602705600,4.9,248,4.5,1602676800,12.8,1602666000,0,0,1015,final,60.3,1015,0,0,183,902,7470,4402,4402,16.5,1602648000,248,17,2.8
2020-10-15,2,2020-10-15,12.7,37,309,181,107,857,655,23.3,1602784800,3.7,233,5.4,1602788400,15,1602756000,0,0,1016,final,69.5,1016,0,0,175,895,7421,4349,4202,18.5,1602734400,233,11.6,3.2
2020-10-16,2,2020-10-16,12.7,37,307,179,107,856,649,19,1602838800,1.5,189,6.7,1602820800,10.7,1602903600,30,30,1018,final,86.9,1018,0,0,30,889,7371,4297,710,14.9,1602820800,189,8,2.1
2020-10-17,2,2020-10-17,3.6,37,305,177,107,854,643,18.3,1602964800,4.7,242,5.4,1602910800,8.9,1602932400,6.5,6.5,1025,final,56.5,1025,0,0,177,882,7321,4244,4244,13.2,1602907200,242,8.8,2.1
2020-10-18,2,2020-10-18,7.6,36,303,175,106,852,638,17.8,1603047600,3.2,132,5.8,1603054800,11.1,1603008000,0,0,1030,final,63.7,1030,0,0,119,876,7270,4192,2845,14.5,1602993600,132,8.8,2.9
2020-10-19,2,2020-10-19,11.5,36,301,173,106,851,632,20,1603134000,1.8,90,4,1603126800,13.9,1603094400,0,0,1027,final,73.6,1027,0,0,68,869,7220,4141,1641,16.3,1603080000,90,5.2,2.8
2020-10-20,2,2020-10-20,15.7,36,299,170,106,849,627,22.8,1603220400,1.7,182,3.1,1603177200,16,1603173600,0,0,1024,final,85.8,1024,0,0,60,862,7171,4090,1435,18.2,1603166400,182,4.8,1.6
2020-10-21,2,2020-10-21,16.5,36,297,168,105,847,621,22.8,1603310400,1.4,154,3.6,1603324800,16.1,1603274400,0,0,1024,final,89.9,1024,0,0,38,856,7123,4039,903,18.2,1603252800,154,6,1.4
2020-10-22,2,2020-10-22,17.3,35,295,166,105,846,616,20,1603389600,1.4,203,3.6,1603375200,18,1603357200,0,0,1024,final,91.4,1024,0,0,29,849,7078,3989,690,18.8,1603339200,203,4,1.3
2020-10-23,2,2020-10-23,16.2,35,293,164,105,844,610,20.6,1603476000,1.4,176,3.1,1603468800,17,1603440000,0,0,1021,final,89.5,1021,0,0,31,841,7037,3940,735,18,1603425600,176,4.4,1.6
2020-10-24,2,2020-10-24,12.7,35,292,162,104,842,605,22.8,1603569600,1.3,222,5.8,1603540800,11.4,1603594800,0,0,1015,final,75.8,1015,0,0,42,834,7000,3891,1017,17.3,1603512000,222,8.8,2.4
2020-10-25,2,2020-10-25,4.7,35,290,160,104,841,599,13.3,1603648800,1.3,51,6.3,1603623600,8.9,1603627200,0,0,1023,final,65,1023,0,0,42,829,6964,3843,1014,11.1,1603598400,51,10.6,4.4
2020-10-26,2,2020-10-26,12.2,34,289,158,104,839,594,16,1603767600,1.3,49,5.8,1603706400,11.7,1603699200,0,0,1021,final,91,1021,0,0,30,824,6928,3795,710,13.6,1603684800,49,8.8,3.7
2020-10-27,2,2020-10-27,10.5,34,287,156,103,837,589,16.1,1603828800,3,194,5.4,1603821600,13.3,1603807200,0,0,1021,final,76.3,1021,0,0,102,819,6892,3748,2454,14.8,1603771200,194,7.2,1.9
2020-10-28,2,2020-10-28,10.7,34,286,154,103,835,583,15,1603926000,1.3,148,3.6,1603882800,12,1603882800,2,2,1017,final,82.6,1017,0,0,25,814,6854,3701,599,13.7,1603857600,148,6.8,2.5
2020-10-29,2,2020-10-29,9.6,34,284,152,103,833,578,14.4,1603958400,1.2,63,8.9,1603998000,9.4,1604026800,32,32,1008,final,86.4,1008,0,0,16,809,6817,3654,391,11.9,1603944000,63,14.9,5.4
2020-10-30,2,2020-10-30,5,33,282,150,102,832,573,9.4,1604030400,1.2,48,8.9,1604048400,5,1604066400,16.5,16.5,1012,final,85.7,1012,0,0,29,804,6779,3608,703,7.3,1604030400,48,12.4,4.6
2020-10-31,2,2020-10-31,0.7,33,281,148,102,830,568,9.4,1604170800,3.5,131,4,1604196000,3.3,1604142000,0,0,1031,final,66.1,1031,0,0,147,799,6740,3563,3519,6.9,1604116800,131,7.2,2.7
2020-11-01,2,2020-11-01,5.8,32,268,141,101,828,562,13.3,1604246400,1.2,227,8.9,1604239200,7.8,1604210400,12.5,12.5,1016,final,70.8,1016,0,0,35,794,6701,3517,884,11,1604203200,227,14,3.9
2020-11-02,2,2020-11-02,-3.5,33,278,145,101,826,557,10,1604347200,3.3,283,10.3,1604376000,5,1604307600,0,0,1010,final,48.5,1010,0,0,144,789,6662,3473,3458,7.1,1604293200,283,18.8,4
2020-11-03,2,2020-11-03,-0.2,33,276,143,101,824,552,13.9,1604433600,2,229,8.9,1604408400,5.6,1604379600,0,0,1017,final,50.5,1017,0,0,71,783,6622,3429,1709,9.6,1604379600,229,11.9,4.9
2020-11-04,2,2020-11-04,4.3,32,274,141,100,823,547,19.4,1604520000,3.7,158,4.5,1604476800,6.7,1604480400,0,0,1030,final,57.8,1030,0,0,141,778,6582,3385,3385,12.6,1604466000,158,8.2,3.1
2020-11-05,2,2020-11-05,10,32,273,139,100,821,542,20.6,1604602800,3.6,255,6.3,1604599200,11,1604566800,0,0,1029,final,73.5,1029,0,0,138,773,6542,3342,3309,15,1604552400,255,6.8,2.5
2020-11-06,2,2020-11-06,9.6,32,271,137,100,819,537,22.8,1604692800,3.7,257,5.4,1604664000,12.8,1604660400,0,0,1025,final,65,1025,0,0,123,768,6501,3300,2950,16.7,1604638800,257,5.2,2.7
2020-11-07,2,2020-11-07,7.5,32,269,136,99,817,533,25,1604775600,3.5,249,3.6,1604754000,12.8,1604746800,0,0,1024,final,52.3,1024,0,0,135,763,6460,3258,3243,17.9,1604725200,249,4.8,2.6
2020-11-08,2,2020-11-08,8.4,32,267,134,99,815,528,24.4,1604865600,3.6,234,3.1,1604818800,12.8,1604833200,0,0,1027,final,58.4,1027,0,0,134,758,6419,3217,3217,17.1,1604811600,234,4,2
2020-11-09,2,2020-11-09,9.9,31,266,132,99,813,523,25.6,1604948400,3.5,241,4.5,1604905200,11.7,1604919600,0,0,1026,final,63,1026,0,0,132,753,6377,3177,3177,17.5,1604898000,241,4.4,1.6
2020-11-10,2,2020-11-10,13.8,31,264,131,98,812,519,23.3,1605038400,3.4,265,5.8,1605067200,14.4,1605006000,0,0,1022,final,75.1,1022,0,0,130,748,6336,3137,3108,18.5,1604984400,265,6.8,2.7
2020-11-11,2,2020-11-11,17.2,31,262,129,98,810,514,21.1,1605117600,1.1,274,5.8,1605074400,17.8,1605074400,21.5,21.5,1016,final,89.3,1016,0,0,25,743,6294,3098,590,19,1605070800,274,8.8,2.4
2020-11-12,2,2020-11-12,11.5,31,260,128,98,808,510,19.4,1605157200,1.1,102,7.6,1605232800,9,1605218400,11.5,11.5,1015,final,85.3,1015,0,0,30,738,6252,3060,717,14,1605157200,102,9.8,3.6
2020-11-13,2,2020-11-13,8.2,31,259,126,97,806,505,13,1605301200,1.1,130,5.4,1605243600,9.4,1605322800,0.5,0.5,1016,final,85.9,1016,0,0,13,732,6210,3023,311,10.5,1605243600,130,7.2,3.1
2020-11-14,2,2020-11-14,1.1,30,257,124,97,804,501,13.9,1605384000,3.4,215,6.3,1605412800,8.3,1605344400,0,0,1021,final,54.2,1021,0,0,124,727,6168,2986,2986,10.4,1605330000,215,18,2.3
2020-11-15,2,2020-11-15,5.8,30,255,123,97,803,497,16.7,1605484800,2.4,133,10.3,1605488400,7.2,1605427200,8,8,1016,final,67.3,1016,0,0,96,722,6126,2951,2292,11.8,1605416400,133,26.4,5.6
2020-11-16,2,2020-11-16,-0.2,30,254,121,97,801,493,13.3,1605549600,2.8,264,8.1,1605528000,9,1605585600,0,0,1013,final,45.6,1013,0,0,120,717,6084,2916,2883,11.2,1605502800,264,22.1,4.7
2020-11-17,2,2020-11-17,-1.4,30,252,120,96,799,489,10,1605628800,1.6,272,9.4,1605621600,4,1605672000,0.5,0.5,1016,final,52.9,1016,0,0,73,712,6043,2882,1751,7.6,1605589200,272,11.2,2.4
2020-11-18,2,2020-11-18,-7.1,29,250,119,96,798,485,5.6,1605726000,3.2,300,9.4,1605711600,1.1,1605758400,0,0,1030,final,47.9,1030,0,0,118,708,6002,2849,2837,3,1605675600,300,28.8,2.2
2020-11-19,2,2020-11-19,-3.1,29,248,117,96,796,481,10,1605816000,1.7,242,7.2,1605823200,0.6,1605783600,0,0,1034,final,54.6,1034,0,0,69,703,5961,2816,1646,5.4,1605762000,242,21.9,4.4
2020-11-20,2,2020-11-20,2.6,29,247,116,95,794,477,18.3,1605902400,3.2,246,6.7,1605880800,7.8,1605870000,0,0,1027,final,53.3,1027,0,0,114,698,5922,2785,2741,12.1,1605848400,246,8.4,3.8
2020-11-21,2,2020-11-21,4,29,245,115,95,793,473,19.4,1605981600,2.8,183,5.8,1606017600,10.6,1605956400,0,0,1027,final,53,1027,0,0,109,693,5883,2755,2620,13.5,1605934800,183,8.8,2.2
2020-11-22,2,2020-11-22,5.2,29,244,114,95,791,470,14.2,1606104000,1,46,6.7,1606050000,7.8,1606042800,0.5,0.5,1028,final,70.5,1028,0,0,28,688,5845,2725,681,10.5,1606021200,46,12.4,5.6
2020-11-23,2,2020-11-23,5.7,28,242,112,95,790,466,15,1606122000,2.8,284,9.8,1606129200,6.7,1606186800,21,21,1015,final,69.7,1015,0,0,84,683,5809,2697,2024,11.4,1606107600,284,14,1.9
2020-11-24,2,2020-11-24,-1.4,28,241,111,94,788,463,12.2,1606244400,3,230,6.3,1606230000,6.1,1606212000,0,0,1026,final,51.5,1026,0,0,70,679,5775,2669,1682,8.3,1606194000,230,8.4,2.6
2020-11-25,2,2020-11-25,3.4,28,239,110,94,787,460,12.7,1606363200,1.8,213,5.4,1606320000,8.3,1606284000,0,0,1026,final,61.8,1026,0,0,77,674,5744,2643,1853,10.5,1606280400,213,9.2,2.6
2020-11-26,2,2020-11-26,11.2,28,238,109,94,785,457,18.3,1606420800,1.9,248,5.8,1606413600,12.8,1606366800,11.5,11.5,1016,final,78,1016,0,0,82,669,5715,2618,1963,15.2,1606366800,248,13.2,2.7
2020-11-27,2,2020-11-27,7.3,28,237,108,94,784,454,16.7,1606496400,2.5,236,4,1606532400,10.6,1606474800,0,0,1017,final,69.5,1017,0,0,90,665,5691,2594,2156,12.9,1606453200,236,4,2.3
2020-11-28,2,2020-11-28,3,28,236,107,93,782,451,14.4,1606590000,2.9,230,6.3,1606586400,7.4,1606622400,0,0,1016,final,58.5,1016,0,0,98,660,5668,2571,2346,10.9,1606539600,230,7.6,2
2020-11-29,2,2020-11-29,0,27,235,106,93,781,448,14.4,1606676400,3,248,4,1606647600,6.1,1606644000,0,0,1020,final,52.5,1020,0,0,106,657,5647,2549,2549,9.5,1606626000,248,5.6,2.6
2020-11-30,2,2020-11-30,11.3,27,234,105,93,780,445,17,1606777200,0.9,147,8.9,1606752000,10,1606712400,31.5,31.5,1004,final,83.8,1004,0,0,18,655,5627,2528,433,14.1,1606712400,147,13.5,4.7
2020-12-01,2,2020-12-01,5,27,234,104,93,779,443,15,1606798800,1.7,253,9.8,1606863600,4.4,1606881600,0,0,1002,final,72.5,1002,0,0,98,652,5607,2508,2357,9.9,1606798800,253,14,6.4
2020-12-02,2,2020-12-02,-1.5,27,233,104,93,778,440,7.8,1606942800,1.1,265,8.9,1606888800,3.3,1606899600,0,0,1014,final,63.2,1014,0,0,58,650,5589,2488,1393,5,1606885200,265,12,7.5
2020-12-03,2,2020-12-03,-2.6,27,232,103,92,776,438,11.1,1607022000,2,255,6.3,1607054400,2.2,1606993200,0,0,1022,final,53.3,1022,0,0,80,648,5571,2470,1921,6.6,1606971600,255,8.8,4.7
2020-12-04,2,2020-12-04,3.2,27,231,102,92,775,436,10.6,1607101200,1.3,242,7.2,1607115600,7.2,1607133600,5,5,1017,final,70.1,1017,0,0,58,645,5554,2453,1385,8.6,1607058000,242,8,3.4
2020-12-05,2,2020-12-05,3,27,231,102,92,774,434,9.4,1607198400,1.2,182,9.8,1607169600,4.4,1607227200,23.5,23.5,1006,final,77,1006,0,0,41,643,5538,2437,984,7,1607144400,182,13.6,2.8
2020-12-06,2,2020-12-06,-4.4,27,230,101,92,773,432,7.8,1607281200,2.2,275,9.4,1607310000,1.7,1607313600,0,0,1009,final,53.6,1009,0,0,98,642,5523,2421,2349,4.3,1607230800,275,12.8,2
2020-12-07,2,2020-12-07,-5,27,230,100,92,773,430,7.8,1607371200,2.1,232,5.8,1607353200,0.6,1607346000,0,0,1008,final,56.3,1008,0,0,90,640,5509,2407,2167,3,1607317200,232,8.4,2.7
2020-12-08,2,2020-12-08,-4.8,27,229,100,92,772,428,5.6,1607457600,1.7,169,7.2,1607421600,0,1607432400,0,0,1008,final,60.2,1008,0,0,87,638,5496,2394,2078,2.2,1607403600,169,11.2,2
2020-12-09,2,2020-12-09,-2.5,27,229,99,91,771,427,3.3,1607529600,0.7,260,7.6,1607529600,1.7,1607493600,0,0,1010,final,70.7,1010,0,0,26,637,5484,2382,627,2.3,1607490000,260,10.3,4.8
2020-12-10,2,2020-12-10,0.2,26,228,99,91,770,425,11.1,1607630400,2.1,259,7.2,1607576400,2.8,1607576400,0,0,1018,final,64.1,1018,0,6,98,635,5473,2370,2350,6.7,1607576400,259,8.4,2.4
2020-12-11,2,2020-12-11,2.9,26,228,98,91,770,424,14.4,1607713200,2.2,250,5.4,1607702400,5,1607684400,0,0,1022,final,65.4,1022,0,0,70,634,5463,2360,1680,9.1,1607662800,250,6.4,2.4
2020-12-12,2,2020-12-12,8.7,26,227,98,91,769,423,13.9,1607817600,0.7,188,5.4,1607792400,8.9,1607767200,2.5,2.5,1018,final,84.9,1018,0,0,17,633,5455,2351,396,11.1,1607749200,188,5.2,2.6
2020-12-13,2,2020-12-13,6.2,26,227,98,91,769,422,16.1,1607882400,1.3,256,6.7,1607886000,8.9,1607914800,0.5,0.5,1015,final,68.7,1015,0,0,51,632,5447,2343,1231,12,1607835600,256,9.9,3
2020-12-14,2,2020-12-14,1.2,26,227,97,91,768,421,8.9,1607922000,0.7,160,7.6,1607954400,3.3,1607976000,8,8,1014,final,74.2,1014,0,0,11,631,5441,2336,264,5.6,1607922000,160,8.8,2.1
2020-12-15,2,2020-12-15,-6.4,26,226,97,91,768,420,6.7,1608058800,2,214,7.2,1608037200,1.3,1608091200,0,0,1024,final,50,1024,0,0,81,630,5435,2330,1943,3.2,1608008400,214,8.4,2.6
2020-12-16,2,2020-12-16,-6,26,226,97,91,768,420,1.1,1608138000,0.7,36,10.7,1608156000,-2,1608163200,19,19,1024,final,67.1,1024,314,0,24,630,5431,2325,581,-0.3,1608094800,36,17.7,7.8
2020-12-17,2,2020-12-17,-2.6,26,226,97,91,768,419,2.8,1608231600,0.9,67,9.8,1608184800,-3,1608206400,13,13,1013,final,83.3,1013,202.5,182,43,629,5428,2321,1023,0,1608181200,67,15.6,3.9
2020-12-18,2,2020-12-18,-5.6,26,226,97,91,768,419,1.7,1608321600,2.3,115,5.8,1608321600,-2.2,1608278400,0,0,1025,final,68.3,1025,0,215,96,629,5426,2318,2314,-0.4,1608267600,115,6.8,2.5
2020-12-19,2,2020-12-19,-6.7,26,226,96,91,767,419,1.1,1608400800,0.7,162,5.4,1608357600,-3.9,1608372000,0,0,1028,final,65.4,1028,0,153,23,629,5426,2316,552,-1,1608354000,162,4.8,2.2
2020-12-20,2,2020-12-20,-2.1,26,226,96,91,768,419,4.4,1608508800,0.9,242,5.4,1608487200,0,1608440400,1,1,1021,final,73.9,1021,0,146,39,629,5426,2315,930,2.3,1608440400,242,4.2,1.8
2020-12-21,2,2020-12-21,1.7,26,226,96,91,768,419,8.9,1608577200,1.6,239,6.7,1608591600,3.9,1608537600,0,0,1010,final,78.2,1010,0,138,67,629,5428,2315,1596,5.2,1608526800,239,4.4,2.2
2020-12-22,2,2020-12-22,-0.2,26,226,97,91,768,419,8.9,1608656400,2.1,252,9.4,1608616800,3.3,1608638400,0,0,1011,final,67.4,1011,0,61,69,629,5431,2316,1650,5.8,1608613200,252,10,2.4
2020-12-23,2,2020-12-23,-3.5,26,226,97,91,768,419,7.8,1608746400,1.5,230,6.3,1608703200,3.3,1608717600,0,0,1027,final,54.3,1027,0,0,46,630,5435,2319,1106,5.2,1608699600,230,7.7,2.5
2020-12-24,2,2020-12-24,8.5,26,227,97,91,768,420,14.4,1608865200,0.7,171,8.1,1608868800,5.6,1608786000,11.5,11.5,1018,final,80.7,1018,0,0,24,631,5440,2322,587,11.7,1608786000,171,25.2,3.7
2020-12-25,2,2020-12-25,6.4,26,227,97,91,769,420,15,1608879600,0.7,211,10.7,1608948000,-1,1608955200,28,28,1002,final,84.6,1002,0,0,16,631,5446,2326,391,8.9,1608872400,211,27.2,6.6
2020-12-26,2,2020-12-26,-8.3,26,227,97,91,769,421,1.7,1609009200,2.3,263,8.9,1608980400,-3.3,1608984000,0,0,1013,final,59.7,1013,0,0,97,632,5454,2332,2322,-1.4,1608958800,263,12.4,7
2020-12-27,2,2020-12-27,-6.9,26,228,97,91,770,422,5.6,1609095600,1.9,235,4.5,1609045200,-3.3,1609052400,0,0,1025,final,58.9,1025,0,0,87,633,5462,2338,2099,0.5,1609045200,235,7.7,3
2020-12-28,2,2020-12-28,0.5,26,228,98,91,770,423,12.2,1609185600,2,254,5.8,1609214400,2.2,1609131600,0,0,1021,final,64.8,1021,0,0,68,634,5472,2346,1621,6.9,1609131600,254,8.2,2.6
2020-12-29,2,2020-12-29,-7.4,26,228,98,91,771,424,6.1,1609218000,1.8,264,8.9,1609218000,0,1609300800,0,0,1028,final,45.2,1028,0,0,73,635,5482,2355,1757,3.7,1609218000,264,14,1.9
2020-12-30,2,2020-12-30,-5.4,27,229,99,91,772,425,5.4,1609387200,0.9,242,7.2,1609354800,-0.6,1609308000,0,0,1028,final,56.9,1028,0,0,37,637,5494,2364,879,2.4,1609304400,242,8.8,3.4
2020-12-31,2,2020-12-31,1.7,27,229,99,92,773,427,8.9,1609408800,0.7,253,6.7,1609408800,2.9,1609473600,6.5,6.5,1021,final,73.1,1021,0,0,24,638,5507,2375,578,6.3,1609390800,253,14,2.7
